pull_no,found_id,is_issue,is_pull_request
47976,47974,True,False
47968,45713,True,False
47968,45863,True,False
47960,46985,True,False
47951,47902,False,True
47949,46377,True,False
47944,47942,True,False
47943,46533,True,False
47936,47917,True,False
47929,42559,True,False
47929,47928,True,False
47916,47041,True,False
47902,47890,True,False
47898,46533,True,False
47893,47878,True,False
47881,42460,True,False
47877,44453,False,True
47872,47553,True,False
47870,47890,True,False
47869,47740,True,False
47868,47867,True,False
47866,47863,False,True
47857,46927,True,False
47851,46461,True,False
47841,47838,True,False
47834,47696,True,False
47833,47790,True,False
47831,45177,True,False
47827,41244,True,False
47819,47288,True,False
47818,47667,True,False
47805,47091,True,False
47804,47797,True,False
47777,47736,True,False
47756,47614,True,False
47733,47709,True,False
47732,44708,True,False
47725,47720,True,False
47718,47572,False,True
47715,47357,True,False
47712,43659,True,False
47710,43051,True,False
47708,44810,True,False
47697,45367,True,False
47693,47066,True,False
47686,46472,True,False
47679,47662,True,False
47675,47666,True,False
47671,45677,True,False
47668,45807,True,False
47657,44126,True,False
47653,45808,True,False
47649,44539,True,False
47645,47471,True,False
47644,46169,True,False
47590,47551,True,False
47579,47048,True,False
47576,9,True,False
47576,45519,True,False
47576,30145,True,False
47572,44174,True,False
47531,34017,False,True
47531,34017,False,True
47515,47513,True,False
47509,47537,False,True
47464,45815,True,False
47417,30794,True,False
47388,42941,True,False
47349,46875,True,False
47332,47308,True,False
47290,47281,False,True
47270,47266,True,False
47260,47222,False,True
47253,47214,True,False
47246,47231,True,False
47218,41411,True,False
47186,44724,True,False
47171,47352,True,False
47148,47197,True,False
47148,47198,True,False
47127,47145,True,False
47124,44341,True,False
47124,44341,True,False
47118,47074,True,False
47115,29273,True,False
47107,47115,False,True
47067,46950,True,False
47065,47064,True,False
47062,28044,True,False
47045,45770,True,False
47033,47001,True,False
47033,44329,True,False
47019,46996,True,False
47007,46575,True,False
46995,46984,True,False
46959,46703,False,True
46949,47211,True,False
46848,46666,False,True
46822,46778,False,True
46817,44848,False,True
46763,46758,True,False
46751,46713,False,True
46744,21227,True,False
46744,36214,True,False
46741,46578,False,True
46710,43258,True,False
46710,46487,True,False
46627,46621,True,False
46590,46504,False,True
46585,46504,False,True
46578,43485,False,True
46578,9,True,False
46564,22345,True,False
46563,24749,True,False
46558,46423,True,False
46551,46491,False,True
46548,46391,False,True
46531,46249,True,False
46524,38717,True,False
46521,46463,True,False
46509,22052,True,False
46495,46426,False,True
46475,46421,False,True
46471,46300,True,False
46469,46489,False,True
46441,46718,True,False
46441,46805,True,False
46416,46230,True,False
46369,44988,True,False
46366,1,True,False
46360,45993,False,True
46358,45993,False,True
46305,46304,True,False
46303,46302,True,False
46301,46195,True,False
46260,46237,False,True
46240,30198,True,False
46189,34637,True,False
46187,40160,True,False
46186,18779,True,False
46185,33825,True,False
46175,39588,True,False
46174,35701,True,False
46173,26204,True,False
46172,46171,True,False
46111,45761,True,False
46105,45977,True,False
46105,46438,True,False
46091,46028,False,True
46082,46431,True,False
46071,40500,True,False
46020,40500,True,False
46020,45969,False,True
46018,46045,True,False
45999,45319,True,False
45993,8,True,False
45993,8,True,False
45989,43988,True,False
45989,43988,True,False
45989,43988,True,False
45972,45821,True,False
45953,46166,True,False
45850,29273,True,False
45840,44986,False,True
45835,39606,True,False
45786,45779,True,False
45786,39380,True,False
45778,45792,True,False
45778,45792,True,False
45771,45757,True,False
45769,45710,True,False
45729,29273,True,False
45715,39606,True,False
45714,44348,True,False
45699,45661,True,False
45689,45687,True,False
45663,45625,True,False
45647,45621,True,False
45605,45429,True,False
45605,39606,True,False
45572,45727,True,False
45572,45726,True,False
45572,45726,True,False
45561,45554,False,True
45527,45770,True,False
45440,32732,True,False
45438,375,True,False
45435,25372,True,False
45435,45464,False,True
45397,44908,True,False
45330,45330,False,True
45300,45278,False,True
45288,33009,True,False
45288,46785,True,False
45283,45404,True,False
45265,44801,True,False
45195,45183,True,False
45195,45159,False,True
45159,43208,False,True
45085,44982,True,False
45057,45055,True,False
45022,1,True,False
45022,2,False,False
45011,44854,False,True
45011,44863,True,False
45005,44550,True,False
44923,1011,True,False
44910,44898,True,False
44896,43319,True,False
44876,44826,True,False
44876,44826,True,False
44873,43788,True,False
44837,44823,True,False
44835,19986,True,False
44806,45009,True,False
44798,8,True,False
44784,44783,False,True
44783,5239,True,False
44751,44723,True,False
44743,44738,False,False
44734,44602,False,True
44686,44681,True,False
44673,43255,True,False
44649,44088,True,False
44646,44423,True,False
44644,44582,False,True
44643,44423,True,False
44642,44423,True,False
44641,44423,True,False
44640,44423,True,False
44632,44423,True,False
44622,45492,True,False
44619,44575,False,True
44604,44338,True,False
44602,44113,False,True
44600,43539,False,True
44590,44589,True,False
44575,44441,False,True
44555,43290,True,False
44504,44396,True,False
44497,44481,False,True
44473,44472,True,False
44464,43967,True,False
44456,44454,True,False
44426,41704,True,False
44421,44263,True,False
44421,44420,True,False
44419,41704,True,False
44402,44459,True,False
44402,44459,True,False
44402,44599,True,False
44373,613,True,False
44373,44809,True,False
44373,44809,True,False
44360,43795,True,False
44331,41940,True,False
44302,44301,True,False
44290,43627,True,False
44287,18198,True,False
44269,41964,True,False
44267,38072,False,True
44261,39278,True,False
44261,44141,False,True
44219,11915,True,False
44213,44184,True,False
44205,44201,True,False
44204,42166,True,False
44204,42166,True,False
44166,44025,False,True
44146,43255,True,False
44124,44064,False,True
44104,44102,True,False
44081,44047,False,True
44061,43795,True,False
44039,41704,True,False
44034,44523,False,True
44025,44067,True,False
43965,43960,True,False
43959,43666,True,False
43958,42814,True,False
43958,42839,True,False
43938,42814,True,False
43864,297,True,False
43864,5274,True,False
43861,40931,True,False
43839,43046,True,False
43835,43832,False,True
43832,43828,True,False
43832,43829,False,True
43827,2138,True,True
43825,43371,True,False
43815,43812,True,False
43814,41704,True,False
43797,44025,False,True
43774,43634,False,True
43764,43634,False,True
43760,43634,False,True
43758,43709,True,False
43730,43628,False,True
43714,43281,False,True
43674,5962,True,False
43662,43462,False,True
43646,43647,False,True
43644,43641,False,True
43628,43627,True,False
43604,24517,True,False
43568,43434,False,True
43553,27322,True,False
43527,43435,True,False
43526,43452,True,False
43517,43361,False,True
43516,30521,True,False
43438,8,True,False
43402,43342,False,True
43394,43408,True,False
43394,43408,True,False
43376,43308,True,False
43352,43330,True,False
43329,43054,True,False
43306,43305,True,False
43276,41704,True,False
43256,43255,True,False
43213,41704,True,False
43212,42850,False,True
43205,43341,True,False
43178,43056,True,False
43146,43127,False,True
43130,41779,True,False
43124,43123,True,False
43122,41760,True,False
43103,43091,True,False
43102,43060,False,True
43100,43095,False,True
43100,43095,False,True
43077,43044,True,False
43077,497,True,True
43072,42801,True,False
43005,38665,True,False
42971,42992,True,False
42962,30998,False,True
42913,31494,True,False
42792,42606,True,False
42769,42465,True,False
42751,41704,True,False
42692,42567,True,False
42681,42669,True,False
42652,42622,False,True
42639,42627,True,False
42536,36264,False,True
42521,20863,True,False
42521,42168,True,False
42521,2160,True,False
42518,42741,True,False
42514,38779,True,False
42506,42546,False,True
42430,359162,False,False
42409,42395,False,True
42373,42451,False,True
42364,42353,True,False
42339,42331,True,False
42328,41704,True,False
42323,41627,False,True
42260,6,True,True
42228,42229,True,False
42227,41704,True,False
42160,42107,True,False
42159,41704,True,False
42135,42128,False,True
42098,12591,True,False
42081,14128,True,False
42076,12631,True,False
42075,10170,True,False
42074,10174,True,False
42073,10220,True,False
42043,42014,True,False
42011,41682,True,False
42011,40326,True,False
42006,41822,True,False
41982,42200,True,False
41982,42200,True,False
41971,41958,True,False
41969,42114,False,True
41969,42114,False,True
41966,39792,False,True
41965,39792,False,True
41943,42029,True,False
41916,41712,False,True
41871,41627,False,True
41867,41806,False,True
41847,38801,True,False
41847,3198,True,True
41847,24135,True,False
41775,41363,False,True
41775,41462,True,False
41767,40981,True,False
41767,40981,True,False
41762,41752,False,True
41753,462,True,False
41726,39417,True,False
41711,41501,True,False
41701,41699,True,False
41697,41502,True,False
41630,41617,True,False
41625,41575,False,True
41597,41631,True,False
41514,41510,False,True
41460,41457,True,False
41452,38513,True,False
41452,38513,True,False
41404,41358,True,False
41403,41402,True,False
41377,40555,True,False
41333,38801,True,False
41219,40622,True,False
41217,41292,False,True
41217,41292,False,True
41209,41250,False,True
41206,41260,True,False
41119,39877,True,False
41102,40776,True,False
41055,41054,True,False
41016,41054,True,False
40985,1713,True,False
40910,30887,True,False
40864,40860,True,False
40840,40510,False,True
40824,36165,True,False
40823,40824,False,True
40815,40044,False,True
40814,38198,True,False
40790,40765,False,True
40770,38198,True,False
40765,40410,False,True
40755,37309,True,False
40755,40821,True,False
40706,38737,True,False
40699,40700,False,True
40699,40700,False,True
40685,40701,False,True
40668,41114,True,False
40662,375,True,False
40604,2460,False,True
40568,40645,True,False
40479,40403,True,False
40418,39892,False,True
40358,41288,False,True
40358,41288,False,True
40358,41288,False,True
40358,41288,False,True
40358,41288,False,True
40358,41288,False,True
40358,41288,False,True
40358,41288,False,True
40358,41288,False,True
40358,41288,False,True
40311,40339,False,True
40274,40206,False,True
40274,39914,False,True
40206,39914,False,True
40165,40043,True,False
40127,39966,True,False
40093,39975,True,False
40091,3001,True,False
40044,40097,False,True
40044,38260,True,False
40017,39664,True,False
39953,39767,True,False
39892,39902,True,False
39798,36717,True,False
39750,37899,True,False
39667,39607,False,True
39655,39653,True,False
39644,39641,True,False
39644,39643,True,False
39639,39587,False,True
39634,39607,False,True
39629,39592,True,False
39609,39548,True,False
39596,39411,True,False
39593,39588,True,False
39590,39420,True,False
39571,39423,True,False
39556,39422,True,False
39543,39042,True,False
39532,39531,True,False
39526,38640,True,False
39525,39315,True,False
39419,39416,True,False
39365,34921,True,False
39365,34921,True,False
39365,34921,True,False
39342,38947,True,False
39330,29483,True,False
39316,39263,True,False
39254,39248,True,False
39249,31140,True,False
39249,31140,True,False
39233,39331,True,False
39215,39155,True,False
39197,41313,False,True
39196,41273,True,False
39194,41273,True,False
39185,36039,True,False
39184,39288,True,False
39148,37428,True,False
39137,38312,True,False
39135,39165,True,False
39104,39082,True,False
39097,39092,True,False
39071,39070,True,False
39008,38809,False,True
39003,33746,True,False
38987,38666,False,True
38955,29483,True,False
38911,38039,True,False
38907,38893,False,True
38905,32623,False,True
38893,38798,True,False
38893,38819,True,False
38887,37894,False,True
38859,3705,True,False
38835,37802,False,True
38835,36562,False,True
38831,37531,True,False
38754,38767,True,False
38752,37868,True,False
38748,40234,False,True
38748,41118,True,False
38714,38571,True,False
38613,38615,True,False
38611,38527,False,True
38574,34678,True,False
38574,34695,False,True
38562,38587,True,False
38457,38454,True,False
38457,38417,False,True
38456,37712,True,False
38451,38467,True,False
38441,38330,True,False
38441,38330,True,False
38410,38483,True,False
38396,38183,True,False
38394,36532,True,False
38394,34658,True,False
38328,38303,True,False
38324,35074,True,False
38319,32576,True,False
38319,33564,True,False
38316,36894,True,False
38300,35851,True,False
38258,38316,False,True
38249,38183,True,False
38203,44244,True,False
38189,37987,True,False
38185,37097,True,False
38182,37237,True,False
38182,37232,True,False
38182,37261,True,False
38176,35998,True,False
38176,35999,True,False
38152,31849,True,False
38113,38105,True,False
38112,38111,True,False
38049,36931,False,True
37992,37926,True,False
37985,35823,True,False
37985,35820,True,False
37985,35824,True,False
37969,37991,True,False
37966,37182,True,False
37954,37876,True,False
37941,37777,False,True
37900,37030,True,False
37897,33088,True,False
37851,30326,True,False
37827,37031,True,False
37801,35965,True,False
37801,37689,True,False
37747,37186,False,True
37679,37434,True,False
37666,37646,False,True
37638,37623,False,True
37638,37623,False,True
37623,37567,True,False
37600,37584,True,False
37600,37584,True,False
37512,25372,True,False
37488,37269,True,False
37445,37310,True,False
37445,37279,True,False
37433,2487,True,False
37396,34560,False,True
37373,37213,True,False
37351,33821,True,False
37319,37236,False,True
37303,37434,True,False
37270,36330,True,False
37250,36643,True,False
37250,37065,True,False
37247,37384,True,False
37247,31742,True,False
37216,36241,True,False
37194,36872,True,False
37149,33287,True,False
37117,36709,False,True
37085,29589,True,False
37020,36964,False,True
37017,36835,True,False
36994,36759,True,False
36976,36963,True,False
36970,40685,False,True
36960,36945,True,False
36931,37922,False,True
36931,35525,True,False
36905,36818,False,True
36799,36764,False,True
36798,36764,False,True
36790,36566,False,True
36740,36304,True,False
36733,36715,True,False
36733,34830,True,False
36718,36702,True,False
36712,35769,True,False
36678,36496,True,False
36671,35439,False,True
36671,35941,True,False
36669,36427,True,False
36607,36401,True,False
36549,36037,True,False
36543,34483,True,False
36465,36006,False,True
36456,36445,False,True
36434,35730,True,False
36434,35748,True,False
36406,36018,True,False
36402,36401,True,False
36366,36384,True,False
36314,36313,True,False
36311,30165,True,False
36262,272,True,False
36195,33391,True,False
36193,33344,True,False
36128,36114,True,False
36113,36192,False,True
36100,36058,True,False
36078,35010,True,False
35953,34942,True,False
35923,35897,True,False
35877,35439,False,True
35856,35611,True,False
35841,35439,False,True
35832,32563,True,False
35832,32564,True,False
35825,35822,False,True
35804,35057,True,False
35726,35603,False,True
35725,35603,False,True
35710,33968,True,False
35710,33968,True,False
35703,25997,True,False
35692,20049,True,False
35667,37500,True,False
35667,37500,True,False
35667,37502,True,False
35667,37501,True,False
35667,37506,True,False
35638,35622,True,False
35604,35123,True,False
35603,35725,False,True
35603,35726,False,True
35593,35499,False,True
35570,35260,True,False
35535,35056,True,False
35526,34809,False,True
35508,35114,True,False
35506,32054,True,False
35500,35727,False,True
35494,35203,True,False
35492,35071,True,False
35492,35072,True,False
35492,35090,True,False
35492,35091,True,False
35492,35098,True,False
35483,35439,False,True
35482,35439,False,True
35464,35439,False,True
35414,34051,True,False
35323,34725,True,False
35311,35278,True,False
35294,35273,False,True
35286,35285,True,False
35189,28834,True,False
35150,35335,True,False
35145,30081,True,False
35103,35102,True,False
35097,27023,False,True
35095,35918,True,False
35066,35081,True,False
35047,8,True,False
35023,33765,True,False
35018,34094,True,False
35016,35349,True,False
34992,33994,True,False
34959,35377,True,False
34939,34679,True,False
34920,34905,True,False
34911,34905,True,False
34910,34841,True,False
34904,34695,False,True
34904,34882,True,False
34899,34892,True,False
34796,34619,False,True
34790,36128,False,True
34790,36127,False,True
34778,34960,True,False
34778,34960,True,False
34730,34654,False,True
34727,33828,False,True
34712,32911,True,False
34712,1710,True,False
34706,34666,True,False
34682,34590,True,False
34654,33960,False,True
34584,2378,False,True
34542,34534,False,True
34530,33400,False,True
34476,23528,True,False
34454,35137,True,False
34454,35138,True,False
34454,35138,True,False
34391,34406,True,False
34382,29069,False,True
34342,34287,True,False
34275,34271,True,False
34265,34211,True,False
34265,34264,True,False
34254,40890,True,False
34254,40891,True,False
34244,26041,True,False
34180,32404,True,False
34081,34010,False,True
34080,32934,True,False
34056,33733,False,True
34027,34371,True,False
34027,34516,False,True
34027,31716,False,True
34027,35947,True,False
34027,35439,False,True
34027,35947,True,False
34027,35439,False,True
34009,34011,True,False
34005,33482,True,False
33976,33736,True,False
33971,33817,False,True
33960,248,True,False
33911,33905,True,False
33892,33743,True,False
33882,33847,True,False
33880,28798,True,False
33870,27522,True,False
33832,33800,False,True
33827,33822,True,False
33803,31748,True,False
33795,33824,True,False
33795,33822,True,False
33790,33631,False,True
33773,2138,True,True
33763,33762,True,False
33735,33537,True,False
33725,26513,True,False
33723,34117,False,True
33669,33207,True,False
33662,33670,True,False
33628,33608,True,False
33604,33398,True,False
33598,33597,True,False
33575,33797,True,False
33575,33799,True,False
33575,33800,False,True
33575,33800,False,True
33563,33400,False,True
33562,8,True,False
33556,33555,True,False
33524,33514,False,True
33524,33513,False,True
33520,33512,False,True
33516,33509,False,True
33515,33507,True,False
33514,33476,True,False
33512,33520,False,True
33512,33520,False,True
33491,32916,True,False
33431,33353,False,True
33343,23736,True,False
33323,21880,True,False
33323,41689,True,False
33323,41705,True,False
33300,32774,True,False
33300,32808,False,True
33293,33292,True,False
33291,33328,True,False
33258,33251,True,False
33185,32549,False,True
33185,33673,True,False
33173,27983,False,True
33170,32964,True,False
33162,33129,True,False
33113,33111,True,False
33113,33112,True,False
33097,19512,True,False
33094,32856,True,False
33051,33039,True,False
33028,33898,True,False
33026,32395,False,True
33023,32616,False,True
32974,28631,True,False
32919,32842,True,False
32897,32896,True,False
32884,32431,False,True
32884,32807,True,False
32858,32809,False,True
32813,32649,False,True
32809,32830,True,False
32809,32831,True,False
32809,32832,True,False
32758,17687,False,True
32710,32490,True,False
32704,1744,True,False
32704,31374,True,False
32685,29793,True,False
32677,32536,False,True
32640,32722,True,False
32638,29718,True,False
32623,32631,False,True
32591,31374,True,False
32473,23123,True,False
32473,23123,True,False
32450,31883,True,False
32450,30661,True,False
32439,25708,True,False
32422,32423,True,False
32398,30657,True,False
32376,32121,True,False
32336,30655,True,False
32336,31977,True,False
32293,32287,True,False
32175,34418,True,False
32175,34419,True,False
32175,34419,True,False
32175,34420,True,False
32137,32115,False,True
32119,25181,False,True
32067,7,True,False
32067,8,True,False
32067,7,True,False
32067,8,True,False
32067,8,True,False
32067,32174,True,False
32051,27200,True,False
32018,32034,True,False
31967,32012,True,False
31967,32018,False,True
31967,32012,True,False
31967,32018,False,True
31967,32012,True,False
31953,31907,True,False
31952,31902,True,False
31932,31913,False,True
31927,31648,False,True
31920,31911,True,False
31806,31882,True,False
31801,31652,False,True
31801,31142,False,True
31794,31381,True,False
31794,31743,True,False
31783,31773,True,False
31749,31393,True,False
31734,31749,False,True
31734,33948,False,True
31727,31132,False,True
31716,31708,False,True
31705,31700,True,False
31652,31142,False,True
31629,31537,True,False
31523,31498,False,True
31509,30097,True,False
31509,31504,True,False
31410,31314,True,False
31397,31574,False,True
31389,31483,True,False
31276,31404,False,True
31254,30998,False,True
31147,30914,False,True
31147,30914,False,True
31142,31276,False,True
31066,30733,False,True
31027,30962,True,False
31027,30935,False,True
31024,30908,True,False
30992,30797,True,False
30961,30271,True,False
30921,30932,True,False
30915,30905,False,True
30865,30733,False,True
30844,30829,True,False
30831,30282,True,False
30820,30819,True,False
30820,30819,True,False
30777,31007,True,False
30777,31373,True,False
30774,30668,True,False
30774,30659,True,False
30771,30748,False,True
30761,28684,True,False
30761,29837,True,False
30761,30001,True,False
30761,30052,True,False
30761,30054,True,False
30761,30068,True,False
30761,30072,True,False
30761,30178,True,False
30761,30220,True,False
30760,30472,True,False
30758,28441,False,True
30757,30756,True,False
30743,31045,True,False
30743,32095,True,False
30733,30865,False,True
30733,30865,False,True
30733,30868,False,True
30733,30868,False,True
30733,31061,True,False
30733,31062,True,False
30733,30869,False,True
30733,30869,False,True
30733,31075,False,True
30733,31075,False,True
30733,31075,False,True
30733,31075,False,True
30671,22143,False,True
30666,30074,False,True
30651,26305,True,False
30638,30643,True,False
30596,30543,True,False
30585,30555,True,False
30564,23270,True,False
30490,30382,True,False
30490,28104,True,False
30482,30384,True,False
30482,31837,True,False
30479,7,True,False
30470,26526,True,False
30465,30264,True,False
30366,29793,True,False
30350,30108,True,False
30331,30209,False,True
30331,30209,False,True
30243,25998,True,False
30211,30559,True,False
30173,29434,True,False
30155,30123,False,True
30154,30134,False,True
30149,29709,False,True
30148,30133,True,False
30142,30139,True,False
30134,29709,False,True
30132,29368,True,False
30118,30091,True,False
30113,30091,True,False
30113,30093,False,True
30093,30091,True,False
30039,30265,False,True
30039,30605,False,True
30039,30605,False,True
30039,30605,False,True
29887,28930,False,True
29887,29818,False,True
29887,29852,False,True
29887,29835,False,True
29885,23661,True,False
29884,27251,True,False
29861,29660,True,False
29860,29835,False,True
29800,29736,True,False
29727,30432,True,False
29727,30433,True,False
29607,26626,True,False
29603,28623,False,True
29577,5,True,False
29533,28011,True,False
29517,29481,True,False
29484,29363,True,False
29416,13686,True,False
29387,29291,True,False
29378,29370,False,True
29374,29353,True,False
29352,28279,True,False
29287,27748,True,False
29233,27893,True,False
29219,28767,True,False
29191,27751,True,False
29169,26672,True,False
29167,28489,True,False
29149,30908,True,False
29071,29065,True,False
29044,1751,True,False
29029,24349,True,False
29020,1750,True,False
29018,6228,True,False
29016,28850,False,True
28957,28945,True,False
28918,28872,False,True
28873,30472,True,False
28804,22820,False,True
28784,28632,True,False
28784,28632,True,False
28781,28945,True,False
28768,26758,True,False
28768,27399,False,True
28768,27712,True,False
28768,26758,True,False
28728,27002,True,False
28667,26457,True,False
28660,28397,True,False
28556,34329,True,False
28523,28410,True,False
28311,28301,True,False
28296,28278,True,False
28295,28016,False,True
28268,28240,True,False
28182,23776,False,True
28168,28109,False,True
28144,8891,True,False
28118,27030,False,True
28105,27008,True,False
28090,25746,True,False
28090,27223,True,False
28082,27375,True,False
28059,27932,True,False
28043,26758,True,False
28043,27220,False,True
27982,20255,True,False
27944,27424,False,True
27941,26887,True,False
27939,27195,True,False
27934,27933,False,True
27930,24960,True,False
27915,27833,False,True
27898,27838,False,True
27833,27915,False,True
27818,28111,True,False
27807,28028,False,True
27803,27218,True,False
27787,20169,True,False
27738,26787,False,True
27596,27551,False,True
27596,27537,False,True
27540,27536,False,True
27492,27491,True,False
27300,27113,True,False
27273,27253,False,True
27260,27267,False,True
27235,26416,False,True
27182,27180,True,False
27162,21077,True,False
27127,27128,True,False
27106,20219,True,False
27007,24931,False,True
27007,25723,False,True
27007,25723,False,True
26845,26779,True,False
26828,27233,True,False
26784,26548,True,False
26719,9461,True,False
26641,43,True,False
26630,26639,True,False
26622,23281,True,False
26609,24652,True,False
26604,17045,True,False
26589,22143,False,True
26570,26524,False,True
26522,26520,True,False
26511,26510,True,False
26491,33673,True,False
26490,5062,True,False
26434,26433,False,True
26421,26403,True,False
26395,26435,True,False
26371,26140,False,True
26368,26001,True,False
26367,26542,True,False
26296,26294,True,False
26283,26042,True,False
26261,26247,True,False
26207,26039,True,False
26207,26265,False,True
26188,26206,True,False
26188,26206,True,False
26165,26327,True,False
26071,25827,True,False
26047,25930,True,False
26047,25938,False,True
26040,17124,True,False
26026,22673,False,True
26018,25591,True,False
26013,25574,False,True
26012,25991,True,False
25956,25931,True,False
25955,26157,True,False
25949,25960,False,True
25937,25938,False,True
25915,24610,True,False
25903,25944,True,False
25876,27931,False,True
25875,23342,True,False
25875,23342,True,False
25855,25485,True,False
25855,25819,False,True
25850,25751,False,True
25782,24650,True,False
25767,25663,True,False
25750,25649,True,False
25747,25558,False,True
25747,25469,False,True
25747,25691,False,True
25739,20641,True,False
25735,473121,False,False
25733,25778,True,False
25719,25706,True,False
25719,25706,True,False
25711,23394,True,False
25711,23049,False,True
25689,25282,False,True
25681,25804,True,False
25681,25805,True,False
25681,25805,True,False
25681,25863,True,False
25661,25673,False,True
25661,25673,False,True
25661,25673,False,True
25661,25673,False,True
25661,25732,False,True
25574,25573,True,False
25558,25560,True,False
25558,25659,True,False
25538,25554,True,False
25510,24937,False,True
25432,25211,True,False
25339,25071,False,True
25276,1,True,False
25276,1,True,False
25276,1,True,False
25276,2,False,False
25276,2,False,False
25276,1,True,False
25276,2,False,False
25276,3,True,False
25273,25272,False,True
25227,25226,True,False
25203,22869,True,False
25186,25185,True,False
25177,25172,False,True
25150,24602,True,False
25149,25148,True,False
25133,25703,False,True
25131,25086,True,False
25131,25038,True,False
25105,17393,True,False
25082,17761,True,False
25082,17761,True,False
25056,24037,True,False
25037,25036,True,False
25032,18799,True,False
25022,25004,True,False
24999,24806,True,False
24945,23846,True,False
24937,24625,True,False
24903,24962,False,True
24903,24962,False,True
24903,24962,False,True
24821,26456,True,False
24788,15225,True,False
24771,20083,True,False
24771,20084,True,False
24771,24497,True,False
24763,23872,True,False
24763,24867,False,True
24757,23182,True,False
24724,384,True,True
24722,1573,True,False
24648,24590,False,True
24624,20983,True,False
24623,24401,False,True
24623,24401,False,True
24613,18204,True,False
24585,24584,True,False
24496,20355,True,False
24492,24490,True,False
24489,24351,True,False
24486,24485,True,False
24426,23837,True,False
24426,24407,False,True
24426,24424,False,True
24407,24460,False,True
24269,23865,True,False
24231,19999,False,True
24219,4434,True,False
24165,24458,False,True
24165,24458,False,True
24071,23667,True,False
24049,23883,True,False
23970,23049,False,True
23813,9497,True,False
23809,9497,True,False
23718,23711,True,False
23641,23364,False,True
23619,23617,True,False
23616,22699,True,False
23600,23483,True,False
23597,23590,True,False
23570,23378,True,False
23569,23529,False,True
23554,23615,True,False
23554,23490,False,True
23526,14592,True,False
23515,23504,True,False
23508,23606,True,False
23508,23122,False,True
23490,23462,True,False
23465,27950,True,False
23430,6859,True,False
23430,23478,True,False
23430,23479,True,False
23430,23480,True,False
23343,22548,True,False
23343,22229,True,False
23284,23283,True,False
23284,23283,True,False
23238,23232,True,False
23235,23100,True,False
23208,1054,True,False
23208,1054,True,False
23208,23222,True,False
23208,1054,True,False
23208,23222,True,False
23206,23203,True,False
23206,23203,True,False
23162,23154,True,False
23129,23041,False,True
23129,22972,False,True
23087,1970,True,True
23082,22774,False,True
23082,22719,True,False
23082,22719,True,False
23036,23001,True,False
23035,22994,True,False
23035,22424,False,True
23029,0,False,False
23029,0,False,False
23010,22908,True,False
23003,22581,True,False
22961,22690,True,False
22961,22690,True,False
22961,22690,True,False
22919,22918,True,False
22874,16982,True,False
22837,7582,True,False
22833,22832,True,False
22833,22831,False,True
22833,22832,True,False
22833,22754,True,False
22820,22887,True,False
22820,22952,True,False
22791,22789,True,False
22783,22620,True,False
22779,22046,True,False
22769,22734,False,True
22746,22726,False,True
22728,21021,True,False
22703,7299,True,False
22703,19878,True,False
22678,22675,False,True
22678,22653,False,True
22675,22653,False,True
22665,18171,True,False
22665,18172,True,False
22644,22617,True,False
22553,22564,True,False
22502,22321,False,True
22502,22321,False,True
22480,22454,True,False
22470,21768,True,False
22470,22027,True,False
22460,22461,True,False
22458,792,True,True
22457,22456,True,False
22444,22486,True,False
22443,22442,True,False
22435,22561,True,False
22435,22557,True,False
22435,20716,False,True
22407,22244,True,False
22407,22406,True,False
22404,1,True,False
22388,22253,True,False
22388,17447,False,True
22388,22050,False,True
22340,22302,True,False
22340,21532,False,True
22321,22105,False,True
22321,21589,False,True
22284,19216,True,False
22284,20127,True,False
22284,19216,True,False
22284,20127,True,False
22250,22007,True,False
22225,21297,True,False
22225,22004,True,False
22223,16968,True,False
22154,21754,True,False
22151,18924,False,True
22151,21839,False,True
22144,20850,True,False
22134,21811,True,False
22134,21645,True,False
22134,21543,True,False
22104,20029,True,False
22054,22045,True,False
22054,22046,True,False
22040,5979,True,False
21954,5156,True,False
21954,17891,True,False
21954,21777,False,True
21954,21834,False,True
21917,21889,True,False
21857,21330,True,False
21746,21921,True,False
21742,21965,True,False
21722,21561,False,True
21720,21702,False,True
21709,17884,False,True
21709,21567,False,True
21688,21687,True,False
21670,1132,False,True
21575,21567,False,True
21553,7,True,False
21553,7,True,False
21520,7,True,False
21520,7,True,False
21503,21745,False,True
21477,21479,False,True
21477,13560,True,False
21475,8627,True,False
21454,21439,False,True
21439,21453,True,False
21439,21454,False,True
21439,21455,True,False
21439,21456,True,False
21439,21459,True,False
21439,21460,True,False
21439,21461,True,False
21379,21674,True,False
21374,5258,True,False
21350,21325,False,True
21349,21325,False,True
21258,21136,True,False
21167,21146,False,True
21052,21041,True,False
21052,21042,False,True
21006,21530,True,False
20966,20962,False,True
20892,18763,True,False
20892,18763,True,False
20872,5891,True,False
20872,5891,True,False
20842,20863,True,False
20836,18376,True,False
20826,19247,True,False
20746,20661,False,True
20745,1,True,False
20743,25790,True,False
20729,19458,True,False
20718,20645,False,True
20714,19319,False,True
20714,20701,True,False
20710,20686,False,True
20658,20371,True,False
20647,20644,True,False
20601,7,True,False
20588,20543,True,False
20568,2540,True,True
20566,20553,True,False
20514,19232,True,False
20482,16547,True,False
20458,19929,True,False
20436,20760,True,False
20379,18722,True,False
20359,18383,False,True
20336,18383,False,True
20281,17719,True,False
20281,17719,True,False
20277,19919,False,True
20276,18042,True,False
20276,20313,True,False
20276,20313,True,False
20240,21550,True,False
20154,19905,True,False
20139,17152,False,True
20031,19191,True,False
19991,18320,True,False
19920,19875,False,True
19805,20594,True,False
19802,19486,False,True
19777,19726,True,False
19748,18311,True,False
19748,16793,True,False
19719,19135,True,False
19699,14444,True,False
19683,19682,True,False
19676,19675,True,False
19667,2244,False,True
19658,19951,True,False
19658,20053,True,False
19658,20053,True,False
19658,20053,True,False
19636,19720,True,False
19595,19452,False,True
19588,18948,True,False
19579,19553,True,False
19564,19245,True,False
19564,19245,True,False
19548,19546,False,True
19546,19469,False,True
19536,5,True,False
19535,4,True,True
19534,3,True,False
19533,2,False,False
19522,17658,True,False
19511,19622,True,False
19477,19545,True,False
19448,18493,True,False
19442,19441,True,False
19440,19434,True,False
19358,18972,False,True
19319,13228,True,False
19318,13228,True,False
19318,17761,True,False
19318,13228,True,False
19318,17906,False,True
19307,17588,True,False
19296,10993,False,True
19279,19159,False,True
19237,19603,True,False
19230,19223,True,False
19211,19106,True,False
19155,19157,False,True
19146,2039,True,False
19142,19141,True,False
19123,5835,True,False
19067,19994,True,False
19067,25652,True,False
19067,25652,True,False
19067,25652,True,False
19063,7,True,False
19062,933,False,True
19004,18997,False,True
18998,4620,True,False
18959,18653,True,False
18930,16697,True,False
18887,18935,True,False
18778,16644,True,False
18734,18800,True,False
18723,18970,True,False
18723,18970,True,False
18715,19353,False,True
18677,17221,False,True
18662,10604,True,False
18662,16306,True,False
18647,18163,False,True
18613,17908,True,False
18605,18602,True,False
18605,18295,True,False
18545,18428,True,False
18543,18018,False,True
18494,18689,True,False
18485,18397,True,False
18485,18429,False,True
18468,14213,True,False
18444,18443,True,False
18429,18397,True,False
18385,18376,True,False
18381,17518,True,False
18330,18204,True,False
18323,15996,True,False
18307,18396,True,False
18301,11095,True,False
18301,11154,True,False
18265,18092,True,False
18221,1853,True,False
18205,17921,True,False
18197,17533,True,False
18168,320,True,False
18163,18159,True,False
18096,14842,True,False
18060,18300,True,False
18060,18303,True,False
18028,18335,True,False
18028,17802,True,False
18018,17908,True,False
17970,11489,True,False
17970,11489,True,False
17970,11489,True,False
17918,13685,True,False
17916,17674,True,False
17906,17113,False,True
17906,17761,True,False
17845,17305,True,False
17827,17458,True,False
17810,17458,True,False
17805,17804,True,False
17789,17776,False,True
17760,17759,True,False
17751,13228,True,False
17751,13228,True,False
17749,13228,True,False
17748,13228,True,False
17748,13228,True,False
17716,17813,True,False
17668,6676,True,False
17617,17370,False,True
17615,4958,True,False
17583,11133,True,False
17575,17548,True,False
17544,17576,True,False
17519,4,True,True
17408,16980,True,False
17389,13882,True,False
17387,16934,True,False
17372,17305,True,False
17346,17345,True,False
17326,17112,False,True
17323,17300,True,False
17312,9261,True,False
17301,17291,False,True
17288,17174,False,True
17288,17174,False,True
17260,17121,True,False
17260,17121,True,False
17197,14218,True,False
17170,17138,True,False
17112,17208,True,False
17112,17326,False,True
17101,16935,True,False
17092,14146,True,False
17057,17042,True,False
17053,12838,True,False
17050,16913,True,False
17025,16919,True,False
16974,16790,True,False
16956,16790,True,False
16939,8712,True,False
16936,13312,True,False
16928,17088,True,False
16928,17089,True,False
16928,17090,True,False
16828,16751,True,False
16806,14354,False,True
16800,14202,True,False
16784,16352,True,False
16782,14292,True,False
16755,16746,False,True
16718,16702,True,False
16659,14116,True,False
16639,14529,True,False
16589,15788,True,False
16557,16324,False,True
16557,15685,True,False
16541,16554,False,True
16496,16453,False,True
16439,1,True,False
16430,15788,True,False
16324,15685,True,False
16317,13249,True,False
16317,13249,True,False
16315,16352,True,False
16315,16374,True,False
16315,16451,True,False
16315,16352,True,False
16298,16172,True,False
16298,15429,True,False
16274,15943,True,False
16268,16167,True,False
16268,16195,True,False
16223,15944,False,True
16188,16128,True,False
16185,16128,True,False
16185,16128,True,False
16081,15619,True,False
16020,15968,False,True
16018,16017,True,False
15941,15223,True,False
15933,15558,True,False
15877,15510,True,False
15800,15690,False,True
15741,14462,True,False
15642,14966,True,False
15636,15555,True,False
15548,15601,True,False
15548,15604,True,False
15548,15606,True,False
15548,15759,True,False
15494,15474,True,False
15475,14671,False,True
15389,15254,True,False
15357,12531,True,False
15357,15183,False,True
15334,14660,True,False
15334,15222,False,True
15329,15238,True,False
15271,15198,True,False
15224,15223,True,False
15188,15106,False,True
15183,12531,True,False
15145,15143,True,False
15144,14581,True,False
15098,14888,True,False
15098,14888,True,False
15078,10639,True,False
15068,14671,False,True
15059,15058,True,False
15048,14267,True,False
15022,13433,True,False
14974,9674,True,False
14973,9674,True,False
14945,12669,True,False
14945,9674,True,False
14944,14943,True,False
14918,11726,True,False
14917,14889,False,True
14912,10861,True,False
14897,14761,True,False
14896,10861,True,False
14829,14825,True,False
14803,14802,True,False
14801,14651,True,False
14781,1183,True,True
14771,14774,True,False
14748,14721,True,False
14702,14636,True,False
14679,14584,True,False
14678,10929,True,False
14670,237579,False,False
14659,14510,True,False
14626,14566,False,True
14618,14585,False,True
14618,14585,False,True
14599,14594,False,True
14589,14546,True,False
14545,14537,False,True
14545,14537,False,True
14531,12625,True,False
14522,13277,True,False
14515,14333,False,True
14447,15119,True,False
14423,9828,True,False
14423,9828,True,False
14422,14171,True,False
14422,14171,True,False
14342,13472,True,False
14282,12983,True,False
14224,11166,True,False
14204,10466,True,False
14161,14267,True,False
14157,13468,True,False
14017,13926,True,False
14013,13997,False,True
14010,13925,True,False
13999,14177,True,False
13965,13875,False,True
13936,12345,True,False
13935,13830,True,False
13922,9341,True,False
13912,13901,True,False
13912,13900,True,False
13892,13828,True,False
13883,9850,True,False
13877,10362,True,False
13876,10362,True,False
13846,13833,False,True
13818,13842,True,False
13800,13715,True,False
13793,11278,True,False
13790,12360,True,False
13777,13869,False,True
13772,8962,True,False
13765,13578,True,False
13765,13691,True,False
13765,13692,True,False
13675,13651,False,True
13675,13625,True,False
13609,13607,True,False
13540,13589,True,False
13519,13395,True,False
13510,13528,True,False
13467,13148,True,False
13408,6440,True,False
13396,12510,True,False
13392,13421,True,False
13353,13259,False,True
13257,13067,True,False
13184,12444,True,False
13178,13134,True,False
13153,12709,True,False
13138,13707,True,False
13096,12597,True,False
13083,12671,False,True
13080,12597,True,False
13007,12948,False,True
13000,12518,False,True
12998,12636,True,False
12914,12903,True,False
12907,12755,True,False
12894,12725,False,True
12894,12726,False,True
12878,1,True,False
12842,12781,True,False
12805,12703,True,False
12772,12497,False,True
12734,12439,True,False
12724,12722,False,True
12692,12421,True,False
12692,12421,True,False
12692,12424,False,True
12685,7566,True,False
12629,3535,True,False
12629,12277,False,True
12629,12277,False,True
12629,13238,True,False
12629,13238,True,False
12528,11933,True,False
12521,12508,True,False
12518,6,True,True
12498,12492,False,True
12488,12032,True,False
12488,11302,True,False
12488,12032,True,False
12488,11302,True,False
12479,12407,False,True
12462,12458,True,False
12434,12621,True,False
12344,12350,False,True
12335,12197,True,False
12332,12331,True,False
12268,9021,True,False
12241,12237,True,False
12201,11841,True,False
12200,11442,True,False
12198,11841,True,False
12195,12113,True,False
12195,12120,False,True
12191,12058,True,False
12191,12182,True,False
12191,12058,True,False
12191,12182,True,False
12180,12151,False,True
12178,12173,False,True
12131,12074,False,True
12107,7812,True,False
12092,4585,True,False
12048,12049,True,False
12025,11746,False,True
12016,11980,True,False
12015,7916,True,True
12015,10392,True,False
12011,12010,True,False
12011,12010,True,False
12002,11972,False,True
12002,11972,False,True
11985,11912,True,False
11985,11921,False,True
11983,11299,True,False
11982,11973,False,True
11973,11913,True,False
11957,11945,False,True
11922,1,True,False
11919,11678,False,True
11914,11772,False,True
11914,11795,True,False
11873,11493,False,True
11869,11866,False,True
11861,11626,False,True
11857,11019,True,False
11829,4644,True,True
11715,11299,True,False
11715,11299,True,False
11702,4480,True,False
11702,4480,True,False
11701,11011,True,False
11693,11615,False,True
11678,11638,True,False
11672,11615,False,True
11671,11644,False,True
11594,11715,False,True
11564,11488,True,False
11511,9887,True,False
11485,12172,True,False
11485,12175,True,False
11469,9288,True,False
11457,11299,True,False
11404,5608,True,False
11399,5712,True,False
11399,5712,True,False
11384,11299,True,False
11384,11405,True,False
11384,11299,True,False
11384,11299,True,False
11384,11299,True,False
11384,11299,True,False
11375,8767,True,False
11353,11275,False,True
11320,11170,True,False
11317,11316,True,False
11296,173210,False,False
11269,11264,True,False
11216,9719,True,False
11158,11133,True,False
11073,11056,True,False
11073,11057,True,False
11069,11068,True,False
11004,7310,True,False
11002,7520,True,False
11001,10314,True,False
11000,3215,True,False
10998,1,True,False
10994,11028,True,False
10955,10952,True,False
10919,10918,True,False
10919,10803,True,False
10900,10923,True,False
10890,10469,True,False
10888,10866,True,False
10842,10808,True,False
10842,10806,True,False
10842,10805,True,False
10842,10803,True,False
10842,10802,True,False
10807,10758,False,True
10789,10693,True,False
10764,10756,False,True
10760,10715,False,True
10706,4453,True,False
10698,10311,True,False
10679,10673,False,True
10670,4068,True,False
10665,8170,True,True
10656,1903,True,False
10619,10635,False,True
10609,10588,True,False
10540,8389,True,False
10516,10132,True,False
10511,10254,True,False
10489,10487,True,False
10486,8872,True,False
10486,8872,True,False
10483,8817,True,False
10480,10479,True,False
10376,9227,True,False
10334,10291,False,True
10334,10333,False,True
10326,10323,True,False
10324,10323,True,False
10315,10499,False,True
10313,8334,True,False
10304,8353,True,False
10232,3951,True,False
10201,10132,True,False
10187,10265,True,False
10149,6766,True,False
10133,6766,True,False
10091,8817,True,False
10059,10047,False,True
10053,8437,True,False
10053,8437,True,False
10048,6766,True,False
10038,8817,True,False
10020,8739,True,False
10001,10021,True,False
9984,9953,False,True
9969,9712,True,False
9898,9366,True,False
9890,8938,False,True
9867,7512,True,False
9846,9844,True,False
9840,9837,True,False
9817,9759,True,False
9728,6077,True,False
9698,9624,True,False
9681,8625,True,False
9667,9660,False,True
9593,9624,True,False
9588,6636,True,True
9541,9484,True,False
9533,9492,False,True
9507,8815,True,False
9507,8817,True,False
9505,9375,True,False
9505,9542,True,False
9498,9017,False,True
9494,7869,True,False
9476,9463,True,False
9472,9469,True,False
9471,9159,True,False
9471,9159,True,False
9468,9159,True,False
9468,9159,True,False
9450,8906,False,True
9449,8906,False,True
9440,9079,True,False
9440,9080,True,False
9423,9418,True,False
9406,9400,True,False
9393,9620,True,False
9393,9097,True,False
9380,8906,False,True
9374,3929,True,False
9350,6628,True,False
9350,8403,True,True
9347,9081,False,True
9332,9324,False,True
9310,9174,True,False
9307,9309,True,False
9305,9258,True,False
9289,9015,True,False
9289,9254,True,False
9271,9270,True,False
9251,9104,True,False
9251,9244,True,False
9251,9104,True,False
9239,9159,True,False
9239,9159,True,False
9230,8809,True,False
9230,9210,True,False
9213,7943,True,False
9208,8646,False,True
9208,6821,True,False
9205,9110,True,False
9204,9183,False,True
9204,9183,False,True
9204,8919,True,False
9190,8161,True,True
9187,9532,False,True
9175,9129,True,False
9175,9174,True,False
9173,9113,True,False
9164,9050,True,False
9144,8817,True,False
9133,8701,True,True
9056,7164,True,True
9038,9020,True,False
9031,9012,True,False
9023,8415,True,False
9016,7700,True,False
9011,8817,True,False
9007,7935,True,True
9006,7440,True,False
8978,8807,True,False
8963,8807,True,False
8959,4370,True,False
8943,8860,True,False
8921,7510,True,True
8921,8911,False,True
8911,7510,True,True
8864,8738,True,False
8863,8634,True,True
8855,5295,True,False
8845,8807,True,False
8844,8807,True,False
8822,8807,True,False
8795,8789,False,True
8761,8722,True,True
8669,8476,True,False
8624,8476,True,False
8613,8400,True,False
8611,8401,True,False
8607,8576,True,False
8607,8424,True,True
8599,8554,False,True
8599,8592,True,True
8586,8309,True,False
8579,8576,True,False
8558,8223,True,True
8555,8550,True,False
8513,8498,True,False
8479,8186,True,False
8435,7540,True,True
8422,8193,True,False
8373,8078,True,False
8372,8340,True,False
8370,7900,True,False
8361,8355,True,False
8341,7861,True,False
8339,8119,True,False
8308,8307,True,False
8301,8152,True,False
8289,7856,True,False
8289,1989,True,False
8289,1985,True,False
8289,702,True,False
8266,7976,True,False
8242,8241,True,False
8196,150906,False,False
8166,87,True,False
8129,7182,True,False
8129,7182,True,False
8116,1,True,False
8110,8077,True,False
8025,4101,True,False
7984,5080,True,False
7951,7132,True,False
7947,7878,True,False
7940,6358,True,False
7934,6560,True,False
7934,7727,True,True
7887,7883,True,False
7870,2467,True,True
7870,2467,True,True
7850,5023,True,False
7850,6644,True,True
7849,4141,True,False
7846,7185,True,False
7837,7836,False,True
7837,501,True,True
7811,7645,True,False
7792,7774,True,False
7783,6523,True,False
7767,7526,True,True
7767,7692,True,True
7739,7388,True,False
7738,7692,True,True
7722,3651,True,False
7719,7260,True,False
7717,7144,True,False
7691,7352,True,True
7653,7480,True,True
7617,7616,True,False
7607,7291,True,False
7604,7566,True,False
7575,7506,True,False
7568,7334,True,False
7557,7295,True,False
7540,7608,True,False
7526,833,True,True
7515,7493,True,False
7500,6574,True,True
7484,6636,True,True
7479,7446,True,False
7479,7477,True,False
7479,7446,True,False
7472,7446,True,False
7471,6233,True,False
7437,7436,True,False
7408,7343,True,True
7401,7308,True,False
7401,7324,True,False
7374,7219,True,True
7349,7348,True,False
7330,6966,True,False
7317,7262,True,False
7315,7249,True,True
7271,7270,True,False
7268,5043,True,False
7245,1867,True,False
7243,6462,True,False
7234,7217,True,True
7234,7217,True,True
7233,7217,True,True
7233,7217,True,True
7231,7212,True,True
7231,7212,True,True
7230,7049,True,False
7227,7241,True,False
7217,7216,True,False
7203,7211,True,False
7203,7204,True,False
7191,3922,True,False
7189,7148,True,False
7189,7148,True,False
7180,6633,True,True
7172,7148,True,False
7161,4960,True,True
7161,4959,True,False
7160,7148,True,False
7146,7089,True,False
7131,6986,True,False
7114,6981,True,False
7109,7107,True,False
7109,7017,True,False
7105,1,True,False
7085,6931,True,False
7083,7081,True,False
7078,7076,True,False
7072,6981,True,False
7032,4695,True,False
7024,7063,False,True
6996,1384,True,False
6995,6914,True,True
6960,6915,True,False
6952,6499,True,True
6951,6943,True,True
6940,6866,True,False
6938,6005,True,False
6938,6005,True,False
6910,6866,True,False
6839,4320,True,True
6836,6828,True,False
6836,6829,True,False
6786,6785,True,False
6781,5667,True,False
6769,6768,True,False
6740,6588,True,False
6738,6669,True,False
6699,6341,True,False
6647,6643,True,False
6644,5023,True,False
6608,6727,True,True
6602,6572,True,True
6586,3851,True,False
6578,6577,True,False
6569,6490,True,False
6568,6257,True,False
6557,6389,True,False
6545,6533,True,False
6502,5835,True,False
6501,6500,True,False
6491,6358,True,False
6460,6459,True,False
6448,6313,True,False
6444,6439,True,False
6437,6438,True,False
6412,6186,True,False
6410,6006,True,False
6410,6006,True,False
6408,6405,True,False
6404,6442,True,False
6402,6187,True,False
6395,6215,True,False
6386,6010,True,False
6374,6211,True,False
6343,6338,True,False
6339,6338,True,False
6332,6291,True,False
6328,6291,True,False
6297,5975,True,False
6294,6279,True,False
6294,6281,True,True
6293,5748,True,False
6281,6279,True,False
6270,6268,True,True
6268,6104,True,False
6254,2246,True,False
6254,6246,True,True
6231,1,True,False
6230,6194,True,True
6230,6194,True,True
6230,6007,True,False
6223,6215,True,False
6216,6214,True,False
6213,6034,True,False
6202,6199,True,False
6200,6199,True,False
6196,3300,True,False
6176,6169,True,True
6158,6077,True,False
6154,6012,True,False
6154,6019,False,True
6127,5993,True,False
6089,6073,True,False
6089,6073,True,False
6085,4524,True,False
6085,4524,True,False
6084,6109,True,False
6076,5917,True,True
6058,6040,True,False
6032,6028,True,False
6031,6028,True,False
6030,4337,True,False
6026,5920,True,False
6016,6002,True,False
6009,6002,True,False
6008,949,True,False
5981,5978,True,False
5971,5447,True,True
5952,2544,True,False
5919,5918,True,False
5916,5848,True,True
5901,5880,True,True
5901,5880,True,True
5887,5830,True,False
5880,4828,True,False
5846,5841,True,False
5842,3560,True,True
5834,4097,True,False
5822,5760,True,False
5810,4699,True,False
5809,5423,True,False
5805,5530,True,False
5805,5530,True,False
5802,5800,True,False
5769,5725,True,False
5759,4660,True,False
5732,3313,True,False
5731,5530,True,False
5717,5494,True,True
5715,2764,True,False
5690,3901,True,False
5680,3623,True,False
5639,5635,True,False
5629,4062,True,False
5619,5363,True,False
5613,5520,True,True
5597,5447,True,True
5591,5065,True,False
5588,5577,True,True
5583,2638,True,False
5581,4471,True,False
5581,4471,True,False
5576,4859,True,False
5565,5550,True,False
5543,4987,True,False
5526,2952,True,False
5519,5515,True,False
5508,5505,True,False
5503,5495,True,False
5480,5471,False,True
5471,5094,True,False
5449,3142,True,False
5448,3826,True,False
5440,5328,True,True
5415,5413,True,False
5412,5428,True,False
5385,5219,True,False
5380,3155,True,False
5361,3941,True,False
5345,4696,True,False
5332,1319,True,False
5332,1319,True,False
5329,4348,True,False
5327,3676,True,False
5322,2470,True,False
5322,2470,True,False
5319,5314,True,False
5315,4970,True,False
5307,4035,True,False
5299,3437,True,False
5298,5216,True,False
5286,5289,True,False
5280,5141,True,False
5241,3746,True,False
5241,3593,True,False
5209,4689,True,False
5198,4544,True,False
5144,5121,True,False
5123,5107,True,False
5123,4993,True,False
5060,5080,True,False
5050,106,True,False
5029,4037,True,False
4975,5142,True,True
4960,4959,True,False
4922,4458,True,False
4911,4669,True,False
4911,4857,True,True
4910,4903,True,False
4875,4767,True,False
4854,4541,True,False
4852,4782,True,False
4820,4803,True,False
4804,4802,True,False
4789,3887,True,False
4771,4770,True,True
4770,4769,True,False
4768,4779,True,False
4768,4779,True,False
4728,4623,True,False
4713,4704,True,False
4705,4354,True,False
4705,3998,True,False
4702,3363,True,False
4675,4688,True,False
4645,4424,True,False
4643,2987,True,False
4634,3719,True,False
4632,2537,True,True
4632,3441,True,True
4632,2836,True,False
4604,3859,True,False
4579,4575,True,False
4552,4250,True,False
4551,4509,True,False
4539,4725,True,False
4499,4515,False,True
4492,4495,True,False
4472,4437,True,False
4470,4498,True,False
4433,4421,True,False
4403,4239,True,False
4399,3805,True,False
4399,2990,True,False
4391,3796,True,False
4379,3256,True,False
4365,4240,True,False
4350,3748,True,False
4349,4055,True,False
4340,4027,True,False
4321,4028,True,False
4319,4312,True,False
4317,4132,True,False
4315,3293,True,False
4313,830,True,False
4305,3533,True,True
4281,4280,True,False
4238,4039,True,False
4226,3518,True,False
4213,2721,True,False
4209,4153,True,True
4205,4191,True,False
4199,4174,True,False
4193,4192,True,False
4175,4174,True,False
4159,2556,True,False
4155,4041,True,False
4116,4111,True,True
4111,4109,True,False
3982,4062,True,False
3964,3894,True,False
3919,3906,True,False
3852,3605,True,False
3842,3604,True,False
3836,3835,True,False
3828,1465,True,False
3828,1465,True,False
3820,3817,True,False
3811,1853,True,False
3811,2657,True,False
3793,3786,True,False
3793,2888,True,False
3729,3577,True,True
3669,3668,True,False
3669,3668,True,False
3648,3096,True,False
3647,3650,True,False
3601,1073,True,False
3587,3003,True,False
3579,3542,True,False
3569,3007,True,False
3553,2641,True,False
3533,3519,True,True
3532,3518,True,False
3532,3519,True,True
3527,3295,True,False
3519,3533,True,True
3488,3485,True,False
3465,3448,True,False
3449,2909,True,False
3449,3373,True,True
3449,2909,True,False
3439,830,True,False
3426,3423,True,True
3425,3414,True,True
3425,3414,True,True
3425,3410,True,False
3424,3413,True,True
3412,2824,True,False
3408,3392,True,False
3406,3316,True,False
3395,3393,True,False
3373,2909,True,False
3370,3369,True,True
3365,3344,True,True
3348,2547,True,False
3328,2476,True,False
3326,1641,True,False
3326,1641,True,False
3317,3195,True,False
3310,3165,True,False
3308,3287,True,False
3308,3287,True,False
3296,3295,True,False
3269,3098,True,False
3268,3092,True,False
3259,3237,True,True
3253,3086,True,False
3227,2975,True,True
3227,1169405,False,False
3206,2048,True,False
3189,3165,True,False
3186,44,True,False
3148,3099,True,True
3146,2352,True,False
3136,3074,True,True
3136,529480,False,False
3135,766354,False,False
3127,3092,True,False
3126,3069,True,True
3126,1031,True,False
3124,2671,True,False
3124,2671,True,False
3112,3027,True,False
3105,2,False,False
3102,2667,True,False
3088,1659,True,False
3081,2854,True,False
3074,3133,True,False
3070,2352,True,False
3065,1176673,False,False
3059,3022,True,True
3057,1174848,False,False
3047,1345,False,True
3040,3007,True,False
3039,3007,True,False
3037,2903,True,False
3029,2707,True,False
2998,2793,True,False
2996,2893,True,False
2991,1174848,False,False
2977,2966,True,True
2975,1169405,False,False
2969,2662,True,False
2965,2543,True,False
2963,2822,True,False
2962,2907,True,False
2959,2822,True,False
2957,2771,True,False
2956,2911,True,False
2955,2907,True,False
2954,2953,True,False
2951,2714,True,False
2951,2929,True,True
2947,2825,True,False
2946,1579,True,False
2945,2630,True,False
2937,2928,True,False
2935,2640,True,False
2933,2832,True,False
2927,2841,True,False
2912,2825,True,False
2906,2896,True,False
2848,831378,False,False
2842,1729,True,False
2817,2672,True,False
2792,2790,True,False
2789,2786,True,False
2789,2787,True,False
2789,2786,True,False
2789,2787,True,False
2783,2211,True,False
2765,2636,True,False
2760,293,True,False
2759,2614,True,False
2740,2736,True,False
2734,2577,True,False
2733,2567,True,False
2731,2726,True,False
2687,694,True,False
2673,897,True,True
2669,2666,True,False
2664,2435,True,False
2653,2656,True,False
2651,1043494,False,False
2626,831378,False,False
2622,1053,True,False
2619,1168460,False,False
2615,2604,True,False
2606,1168460,False,False
2603,814,True,False
2595,1359,True,False
2588,2601,True,False
2586,2559,True,True
2573,2641,True,False
2571,1873,True,False
2568,2544,True,False
2552,939,True,False
2536,1733,True,False
2522,2375,True,False
2519,2424,True,False
2514,1035934,False,False
2513,2511,True,False
2497,2075,True,False
2491,1773,True,False
2478,2026,True,False
2473,856,True,False
2458,2461,True,False
2454,2439,True,False
2453,854662,False,False
2434,9,True,False
2434,988380,False,False
2433,2420,True,False
2431,2391,True,False
2417,202,True,False
2414,3110,True,False
2413,1468,True,False
2399,2400,True,False
2395,1587,True,False
2388,2371,True,False
2384,1735,True,False
2383,714,True,False
2378,2377,True,False
2376,2292,True,False
2366,1063320,False,False
2360,2218,True,False
2353,2223,True,False
2345,2306,True,False
2340,2291,True,False
2339,2231,True,False
2305,2298,True,False
2299,2264,True,False
2299,2267,True,False
2299,2264,True,False
2299,2267,True,False
2297,528,True,False
2296,2179,True,True
2295,463,True,False
2289,463,True,False
2289,463,True,False
2289,463,True,False
2282,2288,True,False
2280,2130,True,False
2278,921,True,True
2278,2231,True,False
2277,1516,True,False
2277,1516,True,False
2276,2159,True,False
2258,2257,True,False
2256,1899,True,False
2253,2215,True,False
2244,2224,True,False
2243,1180,True,False
2242,2005,True,False
2208,778,True,False
2191,1161343,False,False
2190,1700,True,False
2153,2068,True,False
2140,916341,False,False
2139,3792,True,False
2125,1156267,False,False
2121,1066,True,False
2115,246,True,False
2107,1123,True,False
2084,1994,True,False
2082,1994,True,False
2064,1504,True,False
2051,971,True,False
2042,1791,True,True
2036,2029,True,False
2009,2006,False,True
2003,2037,True,False
1998,1704,True,False
1992,2032,True,False
1992,2052,True,False
1986,1504,True,False
1984,1876,True,False
1982,1922,True,False
1965,50,True,False
1943,1949,True,False
1934,1394,True,False
1924,722,True,False
1918,1876,True,False
1915,253,True,False
1914,472,True,False
1880,1843,True,False
1878,1861,True,True
1877,1839,True,False
1870,1709,True,False
1869,1839,True,False
1862,1402,True,True
1862,1748,True,True
1856,1836,True,True
1841,1764,True,False
1838,317,True,False
1833,1190,True,False
1828,1821,True,True
1827,1709,True,False
1827,1709,True,False
1822,1278,True,False
1820,1795,True,False
1819,1805,True,True
1817,1629,True,True
1809,786,True,False
1807,802,True,False
1806,1730,True,True
1805,2008,True,True
1790,1779,True,True
1786,1730,True,True
1783,1777,True,True
1777,1765,True,False
1774,1006,True,False
1770,1353,True,False
1762,1687,True,True
1738,1753,True,False
1725,1582,True,False
1718,1694,True,True
1716,377,True,False
1714,1713,True,False
1712,1690,True,True
1708,1496,True,False
1706,1500,True,False
1705,1702,True,False
1683,1598,True,False
1679,1548,True,False
1676,1335,True,False
1674,1669,True,False
1673,1548,True,False
1620,1476,True,False
1605,1604,True,False
1605,1604,True,False
1593,1067,True,False
1592,1442,True,True
1592,1561,True,False
1577,1476,True,False
1563,1561,True,False
1552,1539,True,True
1501,1545,True,False
1485,1371,True,False
1480,1396,True,True
1480,1432,False,True
1475,913,True,False
1456,1339,True,False
1432,1396,True,True
1427,1381,True,True
1402,1400,True,False
1362,1309,True,False
1344,1332,False,True
1344,1294,True,False
1337,821,True,False
1331,1214,True,False
1320,981,True,False
1301,1300,True,False
1299,1253,True,False
1284,1272,True,True
1283,1275,True,False
1256,1255,True,False
1221,1197,True,False
1217,1039,True,False
1200,1196,True,False
1188,1118,True,False
1158,399,True,False
1115,1108,True,False
1115,1108,True,False
1110,1109,True,False
1106,1029,True,False
1098,1077,True,True
1098,1097,True,False
1080,1051,False,True
1059,1058,True,False
1057,1007,True,False
1047,1064,True,False
1032,1108,True,False
948,223,True,False
933,940,True,False
916,818,True,False
897,854,True,False
881,1130191,False,False
880,819,True,False
870,820,True,False
837,836,True,False
831,271,True,False
816,791,True,False
815,843,True,False
808,565,True,False
799,74,True,False
797,1004487,False,False
795,671,True,False
767,673,True,True
767,673,True,True
761,759,True,False
758,657,True,False
754,673,True,True
743,715,True,False
726,699,True,False
685,610,True,False
677,672,True,False
666,660,True,True
640,309,True,False
639,83,True,False
609,463,True,False
590,449,True,False
569,516,True,False
545,516,True,False
544,543,True,False
542,516,True,False
538,512,True,False
536,515,True,False
503,543,True,False
501,432,True,False
499,488,True,True
491,62,True,False
442,441,True,False
434,413,True,False
433,413,True,False
416,399,True,False
415,522,True,False
393,314,True,False
383,295,True,False
333,204,True,False
329,308,True,False
329,306,True,False
329,306,True,False
329,308,True,False
326,323,True,False
326,323,True,False
322,321,True,False
318,317,True,False
232,84,True,False
190,187,True,False
