issue_no,found_id,is_issue,is_pull_request
5438,5437,True,False
5408,5425,True,False
5403,5136,False,True
5388,5386,True,True
5377,5380,True,True
5375,41556,False,False
5375,41556,False,False
5375,41556,False,False
5375,5393,True,False
5342,5348,True,True
5335,5334,True,False
5334,5338,True,True
5303,5311,True,False
5277,5289,True,True
5277,5298,True,True
5274,5218,True,True
5267,5177,True,True
5267,3902,True,False
5235,804,True,False
5191,4981,True,False
5191,4992,False,True
5165,4703,True,False
5155,5067,True,False
5144,5125,True,True
5042,4663,True,False
4915,4912,True,False
4914,4981,True,False
4872,4919,False,True
4870,4483,True,False
4868,4385,True,False
4868,4485,True,True
4825,3989,True,False
4749,5248,True,True
4738,4585,True,False
4735,4322,True,False
4719,4614,True,True
4693,4702,True,True
4686,4957,False,True
4663,4648,True,False
4460,5125,True,True
4460,5125,True,True
4460,5125,True,True
4460,5125,True,True
4460,5148,False,True
4450,3647,True,False
4429,4691,True,True
4418,4406,False,True
4387,4365,True,True
4385,922,True,True
4385,963,True,True
4381,4485,True,True
4381,4385,True,False
4316,283,True,False
4296,4266,True,False
4294,4120,True,False
4292,3976,True,False
4264,4275,True,False
4227,3972,True,False
4216,2,True,True
4196,3972,True,False
4196,2438,True,False
4173,2411,True,True
4109,201,True,False
4087,4151,False,True
4085,4027,True,False
4084,4151,False,True
4072,4073,False,True
4041,13590,False,False
4008,3882,True,True
4000,4001,True,True
3976,4262,True,True
3976,4306,True,True
3926,3908,True,True
3906,3613,True,True
3900,3881,True,True
3895,4266,True,False
3871,3990,True,False
3832,3831,False,True
3822,3761,True,False
3803,568,True,False
3766,3272,True,False
3766,5018,True,True
3752,3749,True,False
3748,3745,False,True
3733,3738,False,True
3729,3677,False,False
3723,2121,True,False
3712,2644,True,False
3712,2692,True,True
3701,744,True,False
3683,3688,True,False
3666,3623,True,True
3661,2811,True,True
3615,3340,True,False
3527,3575,False,True
3527,3565,False,True
3509,3558,True,True
3503,3568,True,True
3493,3522,True,True
3491,3570,True,True
3481,3530,True,True
3481,3537,True,True
3477,3533,True,True
3460,3369,True,False
3390,3370,True,True
3390,3370,True,True
3365,4749,True,False
3356,3586,True,True
3350,3307,True,True
3308,3187,True,True
3283,3119,True,False
3277,2900,True,True
3273,3226,True,False
3255,3252,True,True
3219,3223,True,True
3204,3127,True,False
3204,3388,True,True
3204,3388,True,True
3204,3438,True,True
3204,3418,True,True
3204,3418,True,True
3204,3418,True,True
3204,3418,True,True
3204,3418,True,True
3204,3413,True,True
3204,3413,True,True
3204,3440,True,True
3204,3440,True,True
3204,3419,True,True
3204,3442,True,True
3202,3065,True,False
3154,1,True,True
3153,4521,True,True
3151,1696,True,False
3148,3989,True,False
3125,3119,True,False
3107,2514,True,False
3096,581,True,False
3092,4322,True,False
3079,2064,True,False
3063,3098,True,False
3057,2977,True,False
3057,2977,True,False
3057,2977,True,False
3053,2663,True,False
3013,2959,True,True
2986,2974,True,False
2982,2980,True,False
2981,2982,True,False
2981,2982,True,False
2981,2980,True,False
2980,2984,True,True
2963,2498,True,False
2957,2985,True,True
2957,2985,True,True
2954,3309,True,True
2943,3218,True,False
2932,2498,True,False
2928,2888,True,True
2906,2498,True,False
2896,2498,True,False
2884,3047,True,False
2884,3068,True,False
2884,3068,True,False
2881,2827,True,False
2870,2802,True,False
2870,4749,True,False
2868,2869,True,True
2848,2846,True,True
2835,2827,True,False
2833,2827,True,False
2830,2827,True,False
2829,2827,True,False
2828,2827,True,False
2817,2859,True,True
2816,2796,True,True
2802,838,True,False
2802,2802,True,False
2794,2726,True,False
2776,2529,True,True
2768,2815,True,True
2762,2172,True,False
2762,1318,True,False
2737,2326,True,False
2721,2326,True,False
2720,2326,True,False
2719,2723,True,False
2714,2326,True,False
2713,2326,True,False
2711,2498,True,False
2680,2873,True,False
2680,2873,True,False
2663,2735,True,False
2660,2177,True,False
2660,2665,False,True
2659,699,True,False
2652,2530,True,False
2652,2650,True,True
2645,2465,True,False
2639,1072,True,False
2622,2297,True,False
2621,2498,True,False
2620,2613,True,False
2619,2613,True,False
2618,2808,True,True
2617,2613,True,False
2616,2613,True,False
2615,2613,True,False
2592,2251,True,False
2591,2943,True,False
2588,2562,True,True
2587,1602,True,False
2586,1602,True,False
2573,2498,True,False
2565,2059,True,True
2559,2174,True,False
2538,2498,True,False
2522,2517,True,True
2522,3310,True,True
2522,2517,True,True
2522,3311,True,True
2522,3385,True,True
2522,3385,True,True
2522,3099,True,True
2522,3311,True,True
2522,2688,True,True
2522,3392,True,True
2522,2688,True,True
2522,3311,True,True
2522,2771,True,True
2522,3395,True,True
2522,2771,True,True
2522,3311,True,True
2522,3396,True,True
2522,3311,True,True
2522,2886,True,True
2522,2729,True,True
2522,3311,True,True
2522,2970,True,True
2522,3398,True,True
2522,3035,True,True
2522,3311,True,True
2522,2970,True,True
2522,3399,True,True
2522,3035,True,True
2522,3311,True,True
2522,3374,True,True
2522,3374,True,True
2522,3312,True,True
2522,3374,True,True
2522,2970,True,True
2522,3425,True,True
2522,3311,True,True
2522,3401,True,True
2522,3311,True,True
2522,2510,True,True
2522,3426,True,True
2522,2510,True,True
2522,3311,True,True
2522,3389,True,True
2522,3389,True,True
2522,3322,True,True
2522,2771,True,True
2522,3433,True,True
2522,2771,True,True
2522,3433,True,True
2522,2886,True,True
2522,3427,True,True
2522,2729,True,True
2522,3387,True,True
2522,2771,True,True
2522,2771,True,True
2522,3059,True,True
2522,3404,True,True
2522,3067,True,True
2522,3059,True,True
2522,3405,True,True
2522,3059,True,True
2522,3422,True,True
2522,3067,True,True
2522,2886,True,True
2522,3410,True,True
2522,2729,True,True
2522,2970,True,True
2522,3411,True,True
2522,2999,True,True
2522,2970,True,True
2522,3412,True,True
2522,2999,True,True
2522,2970,True,True
2522,3414,True,True
2522,2999,True,True
2522,3421,True,True
2522,2999,True,True
2522,3387,True,True
2522,3429,True,True
2522,2970,True,True
2522,3430,True,True
2522,2886,True,True
2522,3431,True,True
2522,2729,True,True
2522,3409,True,True
2522,3409,True,True
2522,3362,True,True
2513,2475,True,True
2508,2498,True,False
2500,2516,True,True
2499,2498,True,False
2486,1095,True,False
2482,2465,True,False
2482,2465,True,False
2477,1871,True,False
2477,1871,True,False
2473,2466,True,False
2465,2306,True,False
2460,838,True,False
2460,838,True,False
2445,2690,True,True
2445,1973,True,False
2445,2885,True,True
2445,1973,True,False
2443,3218,True,False
2422,1595,True,False
2420,2393,True,True
2420,2277,True,False
2420,2543,True,True
2418,2022,True,False
2412,2385,True,False
2391,2312,True,True
2391,1798,True,False
2391,2280,True,False
2381,2516,True,True
2379,2372,True,True
2378,1604,True,False
2376,2064,True,False
2376,2239,True,True
2375,2172,True,False
2375,2617,True,False
2350,1209,True,False
2326,2713,True,False
2306,2100,True,False
2306,1798,True,False
2306,2100,True,False
2305,3689,True,False
2305,4749,True,False
2298,2253,True,False
2294,2146,True,True
2288,2300,True,True
2288,2300,True,True
2258,2200,True,True
2253,1394,True,True
2251,1307,True,False
2238,3100,True,False
2197,4322,True,False
2196,2328,True,False
2187,2142,True,True
2179,2205,True,True
2177,2257,True,False
2177,2665,False,True
2175,2177,True,False
2175,2257,True,False
2172,2903,True,True
2156,2173,True,True
2155,2303,True,True
2150,2160,True,True
2148,2140,True,True
2147,2948,True,True
2133,2079,True,False
2133,2041,True,False
2121,1609,True,False
2121,1609,True,False
2100,1798,True,False
2099,2138,False,True
2094,1914,True,True
2094,3952,True,False
2086,2083,True,False
2084,1960,True,False
2079,2041,True,False
2079,2300,True,True
2064,2239,True,True
2039,2845,True,True
2037,2033,False,True
2026,2394,True,True
2019,1983,True,False
1996,2236,True,True
1995,581,True,False
1976,1795,True,False
1965,1697,True,False
1960,1901,True,True
1959,1958,True,False
1959,2063,True,False
1943,2217,True,True
1925,1844,True,True
1915,511,True,False
1890,3143,True,False
1881,1953,True,True
1853,4232,False,True
1850,2497,True,True
1850,2807,True,True
1825,1829,True,True
1806,1770,True,False
1806,1770,True,False
1798,2,True,True
1787,2043,True,True
1778,1689,True,False
1774,1805,False,True
1768,1209,True,False
1768,1209,True,False
1768,2522,True,False
1767,3745,False,True
1746,1209,True,False
1726,1884,True,True
1725,2288,True,False
1725,2300,True,True
1718,1789,True,False
1713,1725,True,False
1702,1698,True,False
1701,1698,True,False
1699,1698,True,False
1697,2075,True,False
1690,1784,True,True
1689,2983,True,False
1688,1566,True,True
1662,1790,True,False
1651,1625,True,False
1645,1642,False,True
1628,1709,True,True
1622,1579,True,False
1609,2121,True,False
1565,1859,True,True
1553,1098,True,False
1528,1860,True,False
1504,1,True,True
1495,1497,False,True
1480,1090,True,False
1471,1506,True,False
1459,1455,True,True
1443,5046,False,True
1435,1432,True,True
1411,1410,True,True
1411,1410,True,True
1411,4322,True,False
1404,1390,False,True
1403,1282,True,False
1391,1309,True,True
1389,1295,True,False
1386,673,True,False
1386,2006,True,False
1386,2006,True,False
1379,1242,True,False
1372,1377,True,True
1369,2390,True,True
1369,2390,True,True
1367,923,True,True
1363,2522,True,False
1362,2522,True,False
1359,1368,True,True
1358,1455,True,True
1319,1524,False,True
1307,2378,True,False
1307,2319,True,False
1307,2378,True,False
1297,1263,True,True
1288,1784,True,True
1283,1407,True,True
1273,1277,True,True
1257,2522,True,False
1257,2688,True,True
1257,2522,True,False
1257,2688,True,True
1246,1352,True,True
1242,985,True,False
1242,1222,True,False
1237,1203,True,False
1235,1252,True,True
1228,1310,False,True
1221,1309,True,True
1209,2510,True,True
1209,2510,True,True
1209,2256,True,True
1209,2510,True,True
1209,2510,True,True
1209,2522,True,False
1207,924,True,False
1207,924,True,False
1207,1388,False,True
1203,1620,True,True
1197,1169,True,True
1196,1200,True,True
1194,1200,True,True
1194,833,True,False
1183,1184,False,True
1180,1325,True,False
1162,1163,False,True
1107,1242,True,False
1090,1281,True,True
1065,2674,True,True
1065,2674,True,True
1062,1042,True,False
1054,1162,True,False
1053,1080,True,True
1051,1080,True,True
1049,1034,True,False
1045,1098,True,False
1041,1090,True,False
1038,637,True,False
1018,1274,True,True
1006,1205,True,False
1006,612,True,False
1006,1392,True,True
985,1242,True,False
983,974,True,True
945,947,True,True
929,978,True,False
927,754,True,False
895,1828,True,True
872,893,True,False
850,745,True,False
839,804,True,False
834,1156,True,False
834,1156,True,False
829,943,True,True
819,1876,True,True
792,753,True,True
791,1093,False,True
789,4521,True,True
754,856,False,True
754,896,True,True
754,759,True,True
754,801,False,True
754,753,True,True
754,753,True,True
754,753,True,True
754,753,True,True
754,840,True,True
754,877,False,True
754,797,True,True
754,1217,True,True
754,917,False,True
754,899,True,True
754,1033,True,True
754,944,False,True
754,706,True,True
754,928,False,True
754,858,True,True
754,931,False,True
754,953,True,True
754,953,True,True
754,953,True,True
754,953,True,True
754,953,True,True
754,953,True,True
754,931,False,True
754,797,True,True
754,797,True,True
754,972,True,True
754,991,False,True
754,991,False,True
754,797,True,True
754,961,False,True
754,1333,True,True
754,1122,False,True
754,961,False,True
754,961,False,True
754,716,True,True
754,716,True,True
754,716,True,True
754,849,True,True
754,865,True,True
754,912,True,True
754,855,True,True
754,855,True,True
754,979,True,True
754,962,True,True
754,962,True,True
754,962,True,True
754,957,True,True
754,957,True,True
754,1002,False,True
754,1012,True,True
754,855,True,True
754,855,True,True
754,962,True,True
754,962,True,True
754,849,True,True
754,957,True,True
754,865,True,True
754,996,True,True
754,855,True,True
754,875,True,False
754,875,True,False
754,1111,False,True
754,1134,False,True
754,849,True,True
754,716,True,True
754,716,True,True
754,716,True,True
754,849,True,True
754,865,True,True
754,912,True,True
754,855,True,True
754,855,True,True
754,979,True,True
754,962,True,True
754,962,True,True
754,962,True,True
754,957,True,True
754,957,True,True
754,1002,False,True
754,1012,True,True
754,855,True,True
754,855,True,True
754,962,True,True
754,962,True,True
754,849,True,True
754,957,True,True
754,865,True,True
754,996,True,True
754,855,True,True
754,875,True,False
754,875,True,False
754,1111,False,True
754,1134,False,True
754,849,True,True
754,856,False,True
754,896,True,True
754,759,True,True
754,801,False,True
754,753,True,True
754,753,True,True
754,753,True,True
754,753,True,True
754,840,True,True
754,877,False,True
754,797,True,True
754,1217,True,True
754,917,False,True
754,899,True,True
754,1033,True,True
754,944,False,True
754,706,True,True
754,928,False,True
754,858,True,True
754,931,False,True
754,953,True,True
754,953,True,True
754,953,True,True
754,953,True,True
754,953,True,True
754,953,True,True
754,931,False,True
754,797,True,True
754,797,True,True
754,972,True,True
754,991,False,True
754,991,False,True
754,797,True,True
754,961,False,True
754,1333,True,True
754,1122,False,True
754,961,False,True
754,961,False,True
746,753,True,True
717,290,True,False
715,761,True,False
713,704,True,True
678,653,True,True
678,584,True,False
669,622,True,True
664,665,True,True
637,1105,True,True
631,640,True,True
619,410,True,False
612,1006,True,False
606,371,True,False
606,380,True,False
569,970,True,True
568,4645,True,True
568,4645,True,True
559,371,True,False
559,970,True,True
541,923,True,True
540,600,True,True
540,616,True,True
540,600,True,True
540,616,True,True
526,428,True,True
526,428,True,True
518,371,True,False
518,380,True,False
518,487,True,False
517,470,True,False
515,371,True,False
511,2879,True,False
507,516,True,True
497,234,True,False
495,978,True,False
495,978,True,False
487,371,True,False
487,380,True,False
482,618,True,False
482,371,True,False
482,1020,True,True
477,455,True,True
475,362,True,True
475,362,True,True
474,581,True,False
474,371,True,False
456,292,True,False
435,395,True,False
435,395,True,False
433,446,True,True
432,406,True,False
424,380,True,False
417,392,True,True
417,3753,True,True
404,1206,True,True
400,428,True,True
400,527,False,True
399,616,True,True
390,295,True,True
388,5698,False,False
388,477,True,False
366,357,True,False
352,616,True,True
345,339,False,True
342,371,True,False
329,241,True,False
329,286,True,True
326,2879,True,False
313,314,True,False
311,371,True,False
308,306,True,False
300,34,True,False
274,324,True,True
261,920,True,True
254,616,True,True
251,212,True,True
249,9,True,False
235,226,True,False
234,497,True,False
223,372,True,True
216,119,True,False
210,371,True,False
210,371,True,False
206,170,True,True
188,23,True,False
180,254,True,False
171,172,True,True
169,172,True,True
163,978,True,False
163,978,True,False
160,1831,True,False
160,1831,True,False
151,152,True,True
150,152,True,True
141,91,True,False
137,93,True,False
135,9,True,False
135,371,True,False
127,474,True,False
126,74,True,False
101,102,True,True
97,1295,True,False
93,4096,False,True
92,600,True,True
91,10,True,False
89,140,True,False
89,88,True,False
72,71,True,True
51,110,True,False
41,42,True,True
39,1131,True,False
34,363,True,True
32,52,True,True
27,30,False,True
23,371,True,False
20,62,True,True
16,198,True,True
9,371,True,False
9,371,True,False
5,216,True,False
5,119,True,False
17,3,True,False
38,142,False,True
38,142,False,True
44,42,True,True
48,49,True,False
62,20,True,False
75,71,True,True
79,71,True,True
79,75,True,True
102,101,True,False
61,263,True,True
122,123,True,False
136,371,True,False
170,3,True,False
172,169,True,False
178,172,True,True
178,172,True,True
198,140,True,False
255,263,True,True
344,327,True,True
344,327,True,True
295,160,True,False
358,368,True,True
368,358,True,True
368,365,True,True
365,368,True,True
397,396,True,False
413,392,True,True
442,443,True,False
446,405,True,True
446,405,True,True
485,499,True,True
539,538,True,False
557,7067,False,False
587,586,True,False
597,553,True,False
594,578,True,True
616,600,True,True
616,600,True,True
656,616,True,True
665,664,True,False
668,562,True,True
677,584,True,False
677,584,True,False
660,659,True,False
683,863,True,True
693,863,True,True
692,863,True,True
705,863,True,True
722,724,True,True
722,724,True,True
722,724,True,True
722,735,True,True
724,722,True,True
720,704,True,True
783,790,True,True
821,980,True,False
851,841,True,False
817,852,False,True
853,906,True,False
883,882,False,True
972,754,True,False
977,1120,True,False
974,983,True,False
940,985,True,False
1028,1274,True,True
1058,1042,True,False
1058,1042,True,False
1063,784,True,False
1102,673,True,False
1105,637,True,False
1177,835,True,False
1240,1530,False,True
1185,1206,True,True
1261,1182,False,True
1266,494,True,False
1277,1273,True,False
1281,1041,True,False
1301,1290,True,True
1311,1260,True,False
1315,1311,True,True
1385,1375,True,True
1393,1352,True,True
1432,1441,True,False
1415,1626,True,True
1505,1504,True,False
1410,1524,False,True
1599,1608,True,False
1619,1578,True,True
1620,2694,True,False
1526,1618,True,True
1686,1684,True,False
1694,1717,True,True
1656,1845,True,True
1816,1871,True,False
1816,1871,True,False
1816,1871,True,False
1838,1829,True,True
1747,1746,True,False
1878,561,True,False
1878,1515,True,False
1878,561,True,False
1878,1515,True,False
1930,2003,True,False
1941,2017,True,True
1979,2010,True,False
2018,2106,True,False
1971,2043,True,True
2047,2079,True,False
2124,2124,True,True
2124,2124,True,True
2059,2059,True,True
2118,2239,True,True
2146,2146,True,True
2168,2156,True,False
2168,2156,True,False
2170,1798,True,False
2170,1798,True,False
2116,2116,True,True
1951,1951,True,True
2200,2200,True,True
2188,2188,True,True
2202,2176,True,True
2225,2225,True,True
2224,2224,True,True
2214,2214,True,True
2227,2227,True,True
2204,2204,True,True
2228,2228,True,True
2229,2229,True,True
2229,2230,True,True
2220,2220,True,True
2230,2230,True,True
2232,2232,True,True
2219,2219,True,True
2235,2235,True,True
2234,2234,True,True
2236,2236,True,True
2217,2217,True,True
2241,2241,True,True
2239,2239,True,True
2243,2243,True,True
2243,2243,True,True
2246,2246,True,True
2245,2245,True,True
2250,2250,True,True
2250,2233,True,False
2254,2254,True,True
2256,2256,True,True
2259,2259,True,True
2261,2261,True,True
2262,2262,True,True
2285,2285,True,True
2284,2284,True,True
2287,2287,True,True
2290,2290,True,True
2295,2295,True,True
2296,2296,True,True
2300,2300,True,True
2302,2302,True,True
2209,2209,True,True
2085,2085,True,True
2303,2303,True,True
2303,2303,True,True
2304,2304,True,True
2307,2307,True,True
2309,2309,True,True
2312,2312,True,True
2312,2312,True,True
2308,2308,True,True
2314,2314,True,True
2317,2317,True,True
2320,2320,True,True
2321,2321,True,True
2323,2323,True,True
2323,2323,True,True
2324,2324,True,True
2327,2327,True,True
2222,2222,True,True
2222,2222,True,True
2329,2329,True,True
2345,2345,True,True
2347,2347,True,True
2340,2340,True,True
2339,2339,True,True
2359,2359,True,True
2362,2362,True,True
2369,2369,True,True
2349,2349,True,True
2360,2360,True,True
2374,2366,True,True
2365,2365,True,True
2357,2357,True,True
2383,2383,True,True
2386,2386,True,True
2388,2388,True,True
2388,1967,True,False
2388,1967,True,False
2395,2395,True,True
2372,2372,True,True
2380,2380,True,True
2382,2382,True,True
2392,2392,True,True
2392,2367,True,True
2392,2367,True,True
2392,2367,True,True
2402,2402,True,True
2408,2408,True,True
2408,2408,True,True
2364,2367,True,True
2364,2367,True,True
2404,2404,True,True
2366,2366,True,True
2405,2405,True,True
2405,2405,True,True
2367,2367,True,True
2367,2367,True,True
2416,2416,True,True
2330,2330,True,True
2330,2330,True,True
2406,2406,True,True
2406,2406,True,True
2411,2411,True,True
2411,2411,True,True
2409,2409,True,True
2414,2414,True,True
2394,2026,True,False
2394,2394,True,True
2417,2417,True,True
2419,2297,True,False
2393,2393,True,True
2421,2421,True,True
2426,2426,True,True
2424,2424,True,True
2427,2427,True,True
2436,2436,True,True
2439,2439,True,True
2429,2429,True,True
2441,2441,True,True
2449,2449,True,True
2450,2450,True,True
2435,2435,True,True
2431,2431,True,True
2453,2453,True,True
2434,2434,True,True
2448,2448,True,True
2442,2442,True,True
2481,2481,True,True
2483,2483,True,True
2483,2483,True,True
2483,2517,True,True
2493,2476,True,True
2491,2491,True,True
2491,2491,True,True
2494,2494,True,True
2507,2507,True,True
2510,2510,True,True
2509,2509,True,True
2505,2505,True,True
2518,2518,True,True
2525,2525,True,True
2503,2503,True,True
2524,2524,True,True
2526,2526,True,True
2529,2529,True,True
2529,2529,True,True
2532,2532,True,True
2537,2537,True,True
2531,2531,True,True
2541,2541,True,True
2528,2528,True,True
2528,2528,True,True
2543,2543,True,True
2539,2539,True,True
2539,2539,True,True
2544,2544,True,True
2547,2547,True,True
2548,2548,True,True
2546,2546,True,True
2556,2556,True,True
2558,2558,True,True
2562,2562,True,True
2560,2560,True,True
2561,2561,True,True
2561,2561,True,True
2564,2564,True,True
2563,2563,True,True
2568,2568,True,True
2569,2569,True,True
2569,2569,True,True
2574,2574,True,True
2578,2578,True,True
2579,2579,True,True
2577,2577,True,True
2595,2595,True,True
2600,2600,True,True
2601,2601,True,True
2605,2605,True,True
2607,2607,True,True
2608,2608,True,True
2602,2602,True,True
2611,2611,True,True
2611,2669,True,False
2580,2580,True,True
2630,2630,True,True
2625,2625,True,True
2632,2632,True,True
2632,2632,True,True
2636,2636,True,True
2636,2636,True,True
2643,2643,True,True
2646,2646,True,True
2635,2635,True,True
2648,2648,True,True
2648,2648,True,True
2647,2647,True,True
2647,2647,True,True
2649,2649,True,True
2649,2649,True,True
2667,2667,True,True
2666,2666,True,True
2664,2664,True,True
2672,2672,True,True
2676,2676,True,True
2584,2584,True,True
2584,2584,True,True
2584,2584,True,True
2584,2584,True,True
2684,2684,True,True
2684,2684,True,True
2681,2681,True,True
2681,3763,False,True
2688,2688,True,True
2687,2687,True,True
2661,2661,True,True
2690,2690,True,True
2674,2674,True,True
2692,2692,True,True
2693,2693,True,True
2693,1620,True,True
2693,2693,True,True
2695,2695,True,True
2695,2695,True,True
2698,2698,True,True
2700,2700,True,True
2691,2691,True,True
2701,2701,True,True
2702,2702,True,True
2703,2703,True,True
2704,2704,True,True
2705,2705,True,True
2706,2706,True,True
2707,2707,True,True
2709,2709,True,True
2715,2715,True,True
2716,2716,True,True
2710,2710,True,True
2722,2722,True,True
2712,2712,True,True
2730,2730,True,True
2727,2727,True,True
2729,2729,True,True
2729,2729,True,True
2731,2731,True,True
2733,2733,True,True
2718,2718,True,True
2738,2738,True,True
2740,2740,True,True
2741,2741,True,True
2742,2742,True,True
2724,2724,True,True
2743,2743,True,True
2745,2745,True,True
2749,2749,True,True
2749,2749,True,True
2754,2754,True,True
2757,2757,True,True
2757,2757,True,True
2761,2761,True,True
2761,2761,True,True
2758,2758,True,True
2755,2755,True,True
2765,2765,True,True
2765,2765,True,True
2764,2764,True,True
2770,2770,True,True
2770,2770,True,True
2770,2770,True,True
2770,2770,True,True
2773,2773,True,True
2773,2773,True,True
2748,2748,True,True
2777,2777,True,True
2766,2766,True,True
2766,2766,True,True
2782,2782,True,True
2780,2780,True,True
2771,2771,True,True
2790,2790,True,True
2792,2792,True,True
2781,2781,True,True
2781,2781,True,True
2797,2797,True,True
2799,2799,True,True
2800,2800,True,True
2800,2800,True,True
2800,2800,True,True
2783,2783,True,True
2807,2807,True,True
2808,2613,True,False
2808,2613,True,False
2808,2808,True,True
2809,2809,True,True
2812,2812,True,True
2819,2819,True,True
2815,2815,True,True
2822,2822,True,True
2804,2804,True,True
2839,2839,True,True
2840,2840,True,True
2842,2766,True,True
2842,2842,True,True
2842,2842,True,True
2842,2766,True,True
2846,2846,True,True
2844,2844,True,True
2844,2844,True,True
2843,2843,True,True
2851,2851,True,True
2847,2847,True,True
2850,2858,True,True
2852,2852,True,True
2858,2850,True,True
2858,2850,True,True
2858,2858,True,True
2858,2858,True,True
2855,2855,True,True
2855,904,True,False
2856,2856,True,True
2861,2861,True,True
2862,2862,True,True
2862,2862,True,True
2863,2863,True,True
2048,2048,True,True
2865,2865,True,True
2867,2867,True,True
2867,2867,True,True
2869,2869,True,True
2859,2859,True,True
2872,2872,True,True
2874,2874,True,True
2875,2875,True,True
2875,2875,True,True
2876,2876,True,True
2880,2880,True,True
2885,2885,True,True
2887,2887,True,True
2845,2845,True,True
2888,2888,True,True
2888,2888,True,True
2889,2889,True,True
2891,2891,True,True
2893,2893,True,True
2886,2886,True,True
2890,2890,True,True
2899,2899,True,True
2899,2858,True,True
2898,2898,True,True
2898,2898,True,True
2900,2900,True,True
2900,2900,True,True
2901,2901,True,True
2902,2902,True,True
2903,2903,True,True
2903,2623,True,False
2903,2903,True,True
2905,2905,True,True
2892,2892,True,True
2892,2892,True,True
2904,2904,True,True
2904,2858,True,True
2907,2907,True,True
2907,2907,True,True
2924,2735,True,False
2916,2916,True,True
2918,2918,True,True
2911,2911,True,True
2925,2925,True,True
2930,2930,True,True
2914,2914,True,True
2935,2935,True,True
2936,2936,True,True
2936,1704,True,False
2919,2919,True,True
2944,2944,True,True
2944,2944,True,True
2921,2921,True,True
2942,2942,True,True
2929,2929,True,True
2931,2931,True,True
2947,2947,True,True
2937,2937,True,True
2953,2953,True,True
2950,2950,True,True
2956,2956,True,True
2959,2959,True,True
2960,2960,True,True
2961,2961,True,True
2970,2970,True,True
2971,2971,True,True
2979,2979,True,True
2984,2984,True,True
2988,2988,True,True
2962,2962,True,True
2987,2987,True,True
2992,2992,True,True
2991,2991,True,True
2990,2990,True,True
2964,2964,True,True
2985,3002,True,False
2985,2985,True,True
2995,2995,True,True
2966,2966,True,True
2951,2951,True,True
2993,2993,True,True
2973,2973,True,True
3010,3010,True,True
2968,2968,True,True
3008,3008,True,True
3008,3019,True,True
2999,2999,True,True
2948,2948,True,True
2976,2976,True,True
3019,3044,True,True
3019,3044,True,True
3018,3018,True,True
3023,3023,True,True
3006,3006,True,True
3017,3017,True,True
3034,2762,True,False
3034,2938,True,False
3021,3021,True,True
3035,3035,True,True
3032,3032,True,True
3033,3033,True,True
3030,3030,True,True
3029,3029,True,True
2697,2697,True,True
3011,3011,True,True
3044,3044,True,True
3036,3036,True,True
3055,3055,True,True
3062,3062,True,True
3022,3022,True,True
3042,3042,True,True
3028,3028,True,True
2969,2969,True,True
3052,3052,True,True
3059,3059,True,True
3067,3067,True,True
3067,3067,True,True
3073,3073,True,True
3073,3073,True,True
3073,3073,True,True
3058,3058,True,True
3066,3066,True,True
3071,3071,True,True
3020,3020,True,True
3078,3078,True,True
3085,3085,True,True
3086,3086,True,True
3086,3086,True,True
3088,3088,True,True
2939,980,True,False
2939,821,True,True
2939,2939,True,True
3099,3099,True,True
3099,3099,True,True
3102,3102,True,True
3101,3101,True,True
3104,3104,True,True
3120,3120,True,True
3120,3120,True,True
3116,3116,True,True
3124,3124,True,True
3118,3118,True,True
3123,3123,True,True
3133,3133,True,True
3135,3135,True,True
3136,3136,True,True
3136,3136,True,True
3140,3140,True,True
3142,3142,True,True
3156,3156,True,True
3157,3157,True,True
3157,3157,True,True
3159,3159,True,True
3167,3167,True,True
3165,3165,True,True
3165,3165,True,True
3172,3172,True,True
3172,3172,True,True
3173,3173,True,True
3176,3176,True,True
3179,3179,True,True
3180,3180,True,True
3170,3170,True,True
3182,3182,True,True
3183,3183,True,True
3184,3184,True,True
3187,3187,True,True
3187,3187,True,True
3189,3189,True,True
3177,3177,True,True
3185,3185,True,True
3191,3191,True,True
3191,3191,True,True
3195,3195,True,True
3199,3199,True,True
3113,3113,True,True
3210,3210,True,True
3211,3211,True,True
3211,3072,True,False
3215,3215,True,True
3215,3215,True,True
3215,3203,True,False
3217,3217,True,True
3213,3213,True,True
3222,3222,True,True
3223,3223,True,True
3216,3216,True,True
3225,3225,True,True
3225,3333,True,True
3227,3227,True,True
3230,3230,True,True
3237,3237,True,True
3244,3244,True,True
3241,3241,True,True
3246,3246,True,True
3246,3246,True,True
3247,3247,True,True
3249,3249,True,True
3250,3250,True,True
3253,3253,True,True
3252,3255,True,False
3252,3252,True,True
3257,3257,True,True
3232,3232,True,True
3262,3262,True,True
3263,3263,True,True
3263,3263,True,True
3265,3265,True,True
3267,3267,True,True
3268,3268,True,True
3281,3281,True,True
3282,3282,True,True
3285,3285,True,True
3287,3287,True,True
3289,3289,True,True
3288,3288,True,True
3291,3291,True,True
3291,3291,True,True
3295,3295,True,True
3296,3296,True,True
3296,3296,True,True
3297,3297,True,True
3302,3302,True,True
3302,3302,True,True
3305,3305,True,True
3307,3307,True,True
3309,3309,True,True
3310,3310,True,True
3303,3333,True,True
3311,3281,True,True
3311,6,True,False
3311,3311,True,True
3312,3312,True,True
3314,3314,True,True
3316,3316,True,True
3318,3318,True,True
3322,3322,True,True
3319,3319,True,True
3319,2425,True,False
3319,2425,True,False
3319,2425,True,False
3220,3333,True,True
3221,3333,True,True
3240,3333,True,True
3264,3333,True,True
3313,3333,True,True
3315,3333,True,True
3292,3333,True,True
3293,3333,True,True
3300,3333,True,True
3275,3333,True,True
3338,3338,True,True
3339,3339,True,True
3317,3317,True,True
3349,3349,True,True
3359,3359,True,True
3362,3362,True,True
3345,3345,True,True
3368,3368,True,True
3370,3370,True,True
3353,3353,True,True
3376,3376,True,True
3352,3352,True,True
3377,3377,True,True
3377,3377,True,True
3379,3379,True,True
3379,3379,True,True
3386,3386,True,True
3374,3374,True,True
3391,3391,True,True
3394,3394,True,True
3395,3395,True,True
3396,3396,True,True
3397,3397,True,True
3398,3398,True,True
3398,3398,True,True
3387,3387,True,True
3384,3384,True,True
3389,3389,True,True
3400,3400,True,True
3401,3401,True,True
3401,3401,True,True
3402,3402,True,True
3402,3429,True,True
3403,3403,True,True
3405,3405,True,True
3406,3406,True,True
3406,3406,True,True
3408,3408,True,True
3409,3409,True,True
3410,3410,True,True
3410,3410,True,True
3385,3385,True,True
3413,3413,True,True
3388,3388,True,True
3388,3388,True,True
3415,3415,True,True
3415,3415,True,True
3417,3417,True,True
3418,3418,True,True
3419,3419,True,True
3421,3421,True,True
3422,3422,True,True
3425,3425,True,True
3427,3427,True,True
3429,3429,True,True
3428,3428,True,True
3430,3430,True,True
3431,3431,True,True
3432,3432,True,True
3435,3435,True,True
3438,3438,True,True
3399,3399,True,True
3441,3441,True,True
3442,3442,True,True
3411,3411,True,True
3440,3440,True,True
3433,3433,True,True
3412,3412,True,True
3426,3426,True,True
3445,3445,True,True
3414,3414,True,True
3444,3444,True,True
3446,3446,True,True
3447,3447,True,True
3448,3448,True,True
3449,3449,True,True
3451,3451,True,True
3392,3392,True,True
3452,3452,True,True
3454,3454,True,True
3455,3455,True,True
3464,3464,True,True
3459,3504,True,True
3497,3497,True,True
3516,3516,True,True
3516,3512,True,False
3516,3512,True,False
3521,3521,True,True
3522,3522,True,True
3525,3525,True,True
3526,3526,True,True
3528,3528,True,True
3532,3532,True,True
3532,3532,True,True
3523,3523,True,True
3530,3530,True,True
3530,3530,True,True
3520,3520,True,True
3533,3533,True,True
3535,3535,True,True
3538,3538,True,True
3539,3539,True,True
3536,3536,True,True
3543,3543,True,True
3541,3541,True,True
3546,3546,True,True
3546,3546,True,True
3548,3548,True,True
3549,3549,True,True
3534,3534,True,True
3550,3550,True,True
3553,3553,True,True
3553,3553,True,True
3555,3555,True,True
3551,3551,True,True
3558,3558,True,True
3559,3559,True,True
3561,3561,True,True
3560,3560,True,True
3563,3563,True,True
3545,3545,True,True
3537,3537,True,True
3571,3571,True,True
3572,3572,True,True
3574,3574,True,True
3574,3580,False,True
3568,3568,True,True
3577,3577,True,True
3576,3576,True,True
3578,3578,True,True
3579,3579,True,True
3594,3594,True,True
3601,3601,True,True
3601,3601,True,True
3606,3606,True,True
3612,3612,True,True
3613,3613,True,True
3614,3614,True,True
3595,3595,True,True
3588,3588,True,True
3623,3623,True,True
3628,3628,True,True
3625,3625,True,True
3645,3645,True,True
3645,3645,True,True
3649,3649,True,True
3649,3649,True,True
3651,3651,True,True
3651,3651,True,True
3667,3667,True,True
3668,3668,True,True
3676,3676,True,True
3682,3682,True,True
3682,3682,True,True
3693,3693,True,True
3693,3693,True,True
3695,3695,True,True
3700,3700,True,True
3696,3696,True,True
3706,3706,True,True
3719,3719,True,True
3721,3721,True,True
3724,3724,True,True
3586,3586,True,True
1900,929,True,False
3882,4008,True,False
3908,3926,True,False
4157,4157,True,True
4187,3263,True,True
4228,4228,True,True
4010,4211,True,True
4242,4242,True,True
4261,4261,True,True
4270,4270,True,True
4270,4270,True,True
4272,4272,True,True
4260,4260,True,True
4262,4262,True,True
4237,4237,True,True
4273,4273,True,True
4277,4277,True,True
4283,4282,True,False
4283,4282,True,False
4291,4291,True,True
4293,4293,True,True
4289,4289,True,True
4297,4297,True,True
4298,4298,True,True
4300,4300,True,True
4300,4300,True,True
4306,4306,True,True
4306,4306,True,True
4308,4308,True,True
4310,4310,True,True
4190,4190,True,True
4190,4190,True,True
4314,4314,True,True
4314,4314,True,True
4321,4321,True,True
4321,4321,True,True
4324,4324,True,True
4336,4336,True,True
4337,4337,True,True
4337,4338,True,True
4338,4338,True,True
4246,4246,True,True
4340,4340,True,True
4341,4341,True,True
4342,4342,True,True
4345,4345,True,True
4346,4346,True,True
4346,4346,True,True
4347,4347,True,True
4349,4349,True,True
4349,4351,True,True
4350,4350,True,True
4350,4350,True,True
4356,4356,True,True
4351,4351,True,True
4357,4357,True,True
4358,4358,True,True
4362,4362,True,True
4368,4368,True,True
4365,4365,True,True
4370,4370,True,True
4370,4370,True,True
4372,4372,True,True
4375,4375,True,True
4384,4395,False,True
4384,4395,False,True
4424,4426,True,False
4421,4421,True,True
4416,4416,True,True
4380,4380,True,True
4451,4451,True,True
4456,4456,True,True
4446,4446,True,True
4444,4444,True,True
4472,4472,True,True
4474,4474,True,True
4475,4475,True,True
4477,4477,True,True
4455,4455,True,True
4476,4476,True,True
4476,4476,True,True
4463,4463,True,True
4481,4481,True,True
4485,4485,True,True
4413,4413,True,True
4462,4462,True,True
4490,4490,True,True
4489,4489,True,True
4495,4495,True,True
4486,4486,True,True
4498,4498,True,True
4514,4514,True,True
4514,4514,True,True
4510,4510,True,True
4526,4526,True,True
4530,4530,True,True
4531,4531,True,True
4529,4529,True,True
4533,4533,True,True
4536,4536,True,True
4535,4535,True,True
4538,4538,True,True
4540,4540,True,True
4539,4539,True,True
4543,4543,True,True
4544,4544,True,True
4544,4551,True,True
4534,4534,True,True
4532,4532,True,True
4545,4545,True,True
4546,4546,True,True
4547,4547,True,True
4548,4548,True,True
4548,4548,True,True
4549,4549,True,True
4537,4537,True,True
4552,4552,True,True
4551,4551,True,True
4550,4550,True,True
4561,4561,True,True
4494,4494,True,True
4563,4563,True,True
4556,4556,True,True
4557,4557,True,True
4564,4564,True,True
4560,4560,True,True
4522,4522,True,True
4573,4573,True,True
4570,4570,True,True
4576,4576,True,True
4515,4515,True,True
4581,4581,True,True
4521,4521,True,True
4592,4592,True,True
4591,4591,True,True
4593,4593,True,True
4598,4598,True,True
4604,4604,True,True
4609,4609,True,True
4612,4612,True,True
4602,4602,True,True
4613,4613,True,True
4614,4614,True,True
4616,4616,True,True
4617,4617,True,True
4608,4608,True,True
4587,4587,True,True
4620,4620,True,True
4620,4621,True,True
4621,4621,True,True
4624,4624,True,True
4627,4627,True,True
4631,4631,True,True
4562,4562,True,True
4633,4633,True,True
4645,4645,True,True
4647,4647,True,True
4652,4652,True,True
4653,4653,True,True
4644,4644,True,True
4639,4639,True,True
4662,4662,True,True
4662,4662,True,True
4661,4661,True,True
4661,4661,True,True
4666,4666,True,True
4667,4667,True,True
4669,4669,True,True
4669,4669,True,True
4635,4635,True,True
4590,4590,True,True
4683,4683,True,True
4673,2731,True,True
4690,4690,True,True
4577,4577,True,True
4674,4674,True,True
4684,4684,True,True
4688,4688,True,True
4699,4699,True,True
4702,969,True,False
4706,4706,True,True
4705,4705,True,True
4697,4697,True,True
4698,4698,True,True
4722,4569,True,True
4569,4722,True,True
4569,4722,True,True
4569,4710,True,True
4569,4710,True,True
4785,4695,True,True
4655,4655,True,True
4817,4823,True,True
4823,4143,True,False
4828,4828,True,True
4828,4828,True,True
4881,4841,True,True
4908,4931,False,True
4908,4995,True,True
4938,4893,True,True
4888,4933,True,False
4971,5012,True,True
4676,4676,True,True
5005,4993,True,True
5006,4993,True,True
5018,3766,True,False
4978,4978,True,True
5013,5013,True,True
4946,4998,True,True
5064,5064,True,True
5064,5064,True,True
4998,4998,True,True
5080,5080,True,True
5080,5080,True,True
5081,5081,True,True
5082,5082,True,True
5084,5084,True,True
5085,5085,True,True
5087,5087,True,True
5087,5087,True,True
5071,5071,True,True
5091,5091,True,True
5090,5090,True,True
5095,5095,True,True
5097,5097,True,True
5102,5102,True,True
5099,5099,True,True
4925,4925,True,True
5106,5106,True,True
5108,5108,True,True
5110,5110,True,True
5098,5098,True,True
4596,5013,True,True
5114,5114,True,True
5114,5114,True,True
5117,5117,True,True
5119,5119,True,True
5119,5119,True,True
5119,5119,True,True
5122,5122,True,True
5122,5122,True,True
5121,5121,True,True
5123,5123,True,True
5123,5123,True,True
5123,5123,True,True
5104,5104,True,True
5124,5124,True,True
5125,5125,True,True
5130,5130,True,True
5131,5131,True,True
5133,5133,True,True
5134,5134,True,True
5138,5138,True,True
5140,5140,True,True
5135,5135,True,True
5146,5146,True,True
5147,5147,True,True
5145,5145,True,True
5149,5149,True,True
5153,5153,True,True
5154,5154,True,True
5152,5152,True,True
5163,5163,True,True
5163,5162,True,False
5163,5455,True,True
5163,5163,True,True
5151,5154,True,True
5151,5152,True,True
5151,5138,True,True
5151,5151,True,True
5151,5151,True,True
5160,5160,True,True
5167,5167,True,True
5166,5166,True,True
5172,5172,True,True
5169,5169,True,True
5169,5169,True,True
5174,5174,True,True
5180,5180,True,True
5185,5185,True,True
5189,5189,True,True
5197,5197,True,True
5176,5176,True,True
5196,5196,True,True
5198,5198,True,True
5198,5198,True,True
5200,5200,True,True
5200,5231,True,True
5192,5192,True,True
5195,5195,True,True
5209,5209,True,True
5209,5209,True,True
5212,5212,True,True
5205,5205,True,True
5194,5194,True,True
5223,5223,True,True
5229,5229,True,True
5233,5233,True,True
5236,5236,True,True
5239,5239,True,True
5234,5234,True,True
5228,5228,True,True
5243,4749,True,False
5243,5243,True,True
5243,5248,True,True
5232,5232,True,True
5231,5231,True,True
5218,5218,True,True
5150,5150,True,True
5245,5245,True,True
5249,5249,True,True
5177,5177,True,True
5248,5248,True,True
5255,5255,True,True
5258,5258,True,True
5259,5259,True,True
5260,5260,True,True
5263,5263,True,True
5263,5263,True,True
5257,5257,True,True
5265,5265,True,True
5261,5261,True,True
5268,5268,True,True
5269,5269,True,True
5272,5272,True,True
5275,5275,True,True
5279,5279,True,True
5287,5287,True,True
5290,5290,True,True
5290,5290,True,True
5290,5290,True,True
5290,5290,True,True
5288,5288,True,True
5288,5288,True,True
5291,5291,True,True
5292,5292,True,True
5298,5298,True,True
5298,5298,True,True
5296,5296,True,True
5301,5301,True,True
5289,5289,True,True
5297,5297,True,True
5302,5302,True,True
5310,5310,True,True
5313,5313,True,True
5319,5319,True,True
5328,5328,True,True
5329,5329,True,True
5338,5334,True,False
5338,5338,True,True
5344,5344,True,True
5331,5331,True,True
5348,5348,True,True
5349,5349,True,True
5345,5345,True,True
5351,5351,True,True
5354,5354,True,True
5363,5363,True,True
5216,5216,True,True
5374,5374,True,True
5374,5374,True,True
5378,5378,True,True
5380,5380,True,True
5386,5386,True,True
5373,5373,True,True
5400,5400,True,True
5404,5404,True,True
5407,5407,True,True
5406,5406,True,True
5415,5415,True,True
5417,5417,True,True
5424,5424,True,True
5436,5436,True,True
5433,5433,True,True
5435,5435,True,True
5439,5439,True,True
5444,5444,True,True
5454,5454,True,True
5457,5457,True,True
5462,5462,True,True
5395,5395,True,True
5455,5455,True,True
5467,5467,True,True
5445,5457,True,True
5445,5445,True,True
5460,5460,True,True
5471,5471,True,True
5474,5474,True,True
5488,5488,True,True
5502,5502,True,True
5510,5510,True,True
5506,5506,True,True
