pull_no,found_id,is_issue,is_pull_request
45001,44990,True,True
44985,44975,False,True
44950,20597,True,False
44938,44886,True,False
44933,44848,True,False
44927,20594,True,False
44923,44598,True,False
44877,44675,True,True
44872,43843,False,True
44854,44300,True,True
44844,44821,True,False
44844,44822,True,False
44837,44833,False,True
44837,44808,True,False
44827,14574,True,False
44823,43795,True,False
44823,44732,False,True
44819,20587,True,False
44777,43498,True,False
44753,44598,True,False
44748,42900,True,True
44732,44823,False,True
44680,44500,True,False
44677,13507,True,False
44665,44611,True,True
44631,13404,True,False
44620,44502,True,False
44620,44607,False,True
44608,43722,False,True
44608,36541,True,False
44608,36561,True,False
44591,1712,True,False
44591,33418,True,False
44589,44287,True,False
44576,44553,False,True
44563,44471,False,True
44563,44549,False,True
44548,43389,True,False
44539,44549,False,True
44509,44494,True,False
44482,44104,True,True
44482,44483,True,False
44477,44474,False,True
44465,44730,True,False
44462,43865,True,False
44452,44421,True,False
44437,44384,False,True
44431,20560,True,False
44416,20559,True,False
44398,341,False,True
44384,44383,True,False
44366,44183,True,False
44360,44362,False,True
44334,20555,True,False
44305,44210,True,False
44303,20553,True,False
44298,44297,True,False
44282,756,True,False
44267,43711,False,True
44266,43386,False,True
44238,44232,True,False
44212,44081,True,True
44184,44176,True,False
44160,44158,True,False
44157,43962,False,True
44142,44054,True,False
44134,20540,True,False
44127,20537,True,False
44122,13652,True,False
44052,43719,True,False
44047,43729,False,True
44023,44004,False,True
44010,43984,True,False
43982,43786,True,True
43969,43967,True,False
43969,43967,True,False
43907,43590,True,False
43903,43776,False,True
43882,43858,True,False
43862,20518,True,False
43833,20517,True,False
43790,43238,False,True
43790,43238,False,True
43741,43739,False,True
43734,20508,True,False
43724,20504,True,False
43723,36999,True,False
43723,36999,True,False
43718,43714,True,False
43710,43704,True,False
43681,20500,True,False
43677,20499,True,False
43673,42848,False,True
43667,1023,True,False
43661,41585,True,False
43645,1332,True,False
43628,43575,True,False
43627,43502,True,False
43625,27723,True,False
43625,27723,True,False
43615,43611,True,True
43600,20492,True,False
43598,43589,False,True
43593,43592,False,True
43556,43700,True,False
43523,43401,False,True
43505,20487,True,False
43500,43338,True,False
43472,48574,False,False
43442,42427,False,True
43441,43387,True,True
43435,20483,True,False
43427,43420,False,True
43427,43417,True,False
43392,43455,True,False
43375,35180,True,False
43362,42578,False,True
43362,42578,False,True
43358,20476,True,False
43356,6327,True,False
43353,43299,False,True
43310,43256,True,False
43307,42725,True,True
43302,34637,True,False
43297,36510,True,False
43278,37555,False,True
43258,6305,True,False
43237,43235,True,True
43220,20472,True,False
43217,20471,True,False
43213,42974,True,True
43191,42386,False,True
43175,20467,True,False
43173,20465,True,False
43170,20464,True,False
43167,20463,True,False
43164,42942,False,True
43159,43039,True,True
43154,43337,True,False
43154,43337,True,False
43152,40112,True,False
43148,13837,True,False
43148,13837,True,False
43123,42836,False,True
43115,43002,True,True
43100,42924,True,False
43099,43064,False,True
43099,43042,True,False
43099,41851,False,True
43098,3566,True,False
43098,42986,True,True
43098,3569,True,False
43040,42053,False,True
43031,42756,True,True
43020,42637,True,False
43009,40738,True,False
43006,40846,True,False
43006,40899,False,True
42990,42862,True,False
42989,41851,False,True
42977,20453,True,False
42945,42839,True,False
42939,41639,True,False
42936,20448,True,False
42934,42435,True,True
42930,40691,False,True
42930,42824,False,True
42911,42861,True,False
42911,42861,True,False
42901,40690,True,True
42884,42486,True,True
42884,42658,False,True
42884,42666,True,True
42882,42878,False,True
42879,42334,True,False
42878,42870,True,False
42871,41232,True,False
42854,42744,False,True
42853,42689,True,True
42849,42822,True,True
42848,12446,True,False
42819,20440,True,False
42811,41126,False,True
42804,20438,True,False
42797,20436,True,False
42758,20435,True,False
42726,42188,False,True
42726,41670,True,False
42712,42659,False,True
42701,42640,False,True
42699,42639,True,True
42685,20431,True,False
42674,42517,True,False
42667,20430,True,False
42660,42557,True,False
42659,42596,True,False
42653,42603,False,True
42638,42622,True,True
42638,42581,True,False
42631,20425,True,False
42626,42188,False,True
42626,42188,False,True
42623,42535,False,True
42604,42274,True,True
42586,42565,False,True
42586,42159,False,True
42580,20423,True,False
42565,42159,False,True
42558,42483,False,True
42551,42541,False,True
42537,42533,False,True
42531,20418,True,False
42528,42402,False,True
42522,42111,True,True
42496,42480,False,True
42494,42355,False,True
42477,42470,True,True
42477,42418,True,False
42477,37491,False,True
42474,42474,False,True
42473,42455,True,False
42462,20408,True,False
42454,42442,False,True
42453,42452,False,True
42453,42448,True,False
42449,42432,True,True
42449,42423,True,False
42431,40601,False,True
42410,42385,True,True
42409,42408,True,True
42409,42390,True,False
42409,42392,True,False
42403,42255,True,True
42398,20405,True,False
42394,42159,False,True
42393,42428,True,False
42393,42428,True,False
42391,42357,False,True
42385,41595,True,False
42381,42371,True,True
42381,802,True,False
42368,42307,False,True
42366,42315,False,True
42353,42331,False,True
42351,20400,True,False
42349,41650,True,False
42349,41650,True,False
42331,42324,True,False
42313,987,True,False
42299,42227,True,True
42285,37431,True,False
42270,42343,False,True
42270,42320,False,True
42267,42074,False,True
42267,42063,False,True
42267,42010,True,True
42263,42227,True,True
42263,41973,True,False
42260,40690,True,True
42251,20395,True,False
42240,41539,False,True
42228,41925,True,False
42216,42215,False,True
42216,40518,True,False
42213,42152,True,True
42212,42115,True,False
42208,20386,True,False
42204,42077,False,True
42203,41874,False,True
42191,42172,True,False
42189,42186,False,True
42188,42128,True,False
42188,38620,False,True
42188,42128,True,False
42188,38620,False,True
42181,20382,True,False
42180,42751,True,False
42180,42751,True,False
42164,13647,True,False
42158,41616,False,True
42158,42250,True,False
42158,41616,False,True
42158,42250,True,False
42141,42112,False,True
42141,41674,True,False
42138,20379,True,False
42137,20378,True,False
42120,42091,True,True
42112,41674,True,False
42102,42089,False,True
42100,42083,False,True
42088,42026,False,True
42075,41955,False,True
42075,41949,True,False
42071,41184,False,True
42071,41271,False,True
42071,41694,False,True
42071,41683,False,True
42071,41682,False,True
42071,41700,False,True
42071,40924,False,True
42071,41891,False,True
42071,41963,False,True
42071,41985,False,True
42069,41967,False,True
42067,40910,False,True
42064,42052,False,True
42064,41699,True,False
42055,42334,True,False
42055,42334,True,False
42054,38900,False,True
42042,41913,False,True
42033,41140,True,False
42028,41691,True,True
42014,41800,False,True
42014,40388,True,False
42014,38774,False,True
42007,42000,True,False
41995,41856,False,True
41989,41657,False,True
41987,41087,True,False
41986,41966,False,True
41985,41087,True,False
41983,41974,False,True
41976,41087,True,False
41972,20361,True,False
41971,41087,True,False
41961,20357,True,False
41913,20354,True,False
41912,39967,True,False
41908,41840,False,True
41907,41809,True,True
41895,41894,True,True
41890,41784,False,True
41888,41087,True,False
41884,41087,True,False
41882,41787,True,True
41879,41784,False,True
41877,41835,False,True
41875,41815,False,True
41868,41862,True,True
41845,41731,True,True
41845,41696,True,False
41843,41801,True,True
41842,41803,True,True
41838,40871,False,True
41838,40535,False,True
41836,41731,True,True
41835,41770,True,False
41833,41791,True,True
41828,41358,True,True
41827,41825,True,False
41824,41476,False,True
41820,40641,True,True
41820,41817,True,True
41820,40641,True,True
41817,40641,True,True
41817,40641,True,True
41814,41776,False,True
41810,41795,True,True
41806,41799,True,True
41799,40163,True,False
41791,10756,True,False
41784,40642,False,True
41783,38793,False,True
41762,41746,False,True
41762,41034,True,False
41761,40486,True,True
41755,41671,True,True
41747,41508,True,True
41747,41668,True,True
41735,41711,False,True
41734,41703,False,True
41733,41039,True,True
41726,41648,True,True
41725,41648,True,True
41715,41688,False,True
41709,20332,True,False
41702,41633,False,True
41701,42000,True,False
41694,41087,True,False
41681,41641,False,True
41672,41445,False,True
41669,41441,False,True
41668,41508,True,True
41663,41445,False,True
41662,41441,False,True
41660,41655,False,True
41645,41638,False,True
41642,41004,False,True
41641,37467,True,False
41628,20330,True,False
41624,41430,False,True
41624,41267,True,False
41613,24948,True,False
41610,40338,False,True
41601,41277,False,True
41574,20328,True,False
41547,41532,False,True
41546,20323,True,False
41536,20321,True,False
41517,41515,True,False
41501,41400,False,True
41490,41484,False,True
41486,40699,True,True
41483,41467,True,True
41479,41447,True,False
41476,20131,True,False
41476,41512,True,False
41476,20131,True,False
41476,41512,True,False
41464,41382,True,True
41463,20314,True,False
41462,41317,False,True
41453,41442,False,True
41453,41304,True,False
41442,41304,True,False
41442,41304,True,False
41428,41117,True,False
41407,41173,True,True
41405,41283,False,True
41405,41106,True,False
41393,41324,False,True
41393,41177,True,False
41385,41019,True,True
41385,40974,True,True
41378,37066,True,False
41372,41014,False,True
41372,41009,True,False
41371,41056,False,True
41371,41013,True,False
41367,41354,True,False
41362,41340,False,True
41361,41343,False,True
41349,41346,False,True
41340,40916,True,False
41339,41315,True,True
41338,41236,False,True
41338,41175,False,True
41338,41008,False,True
41338,41007,True,False
41336,41293,False,True
41336,9,True,False
41331,41206,False,True
41328,41085,False,True
41327,41087,True,False
41326,41325,False,True
41323,40931,False,True
41323,41146,True,False
41310,41217,True,False
41310,41217,True,False
41305,41175,False,True
41305,41217,True,False
41303,38290,True,False
41297,41076,False,True
41296,41329,True,False
41295,41290,False,True
41294,41176,True,True
41289,41145,False,True
41285,41200,False,True
41285,10990,True,False
41271,41087,True,False
41268,41241,False,True
41263,41085,False,True
41261,41061,True,False
41259,41258,True,False
41254,41198,False,True
41239,41234,True,True
41220,41008,False,True
41220,41217,True,False
41218,41185,False,True
41206,41314,True,False
41204,41142,False,True
41201,20289,True,False
41196,41109,False,True
41182,41101,True,True
41175,41008,False,True
41175,41007,True,False
41174,20285,True,False
41171,40990,False,True
41171,20284,True,False
41165,20282,True,False
41155,41111,False,True
41145,31428,True,False
41145,31428,True,False
41115,20277,True,False
41105,40997,True,True
41102,41046,False,True
41099,40920,True,True
41092,40911,True,False
41082,509,True,False
41075,37848,True,False
41074,41027,True,False
41069,41064,False,True
41065,40946,True,False
41057,34412,True,False
41056,40303,False,True
41056,41013,True,False
41045,20267,True,False
41016,31054,True,False
41014,40746,True,True
41014,41009,True,False
41001,40813,True,False
41000,40663,True,True
41000,40753,True,True
40968,30457,True,False
40967,30457,True,False
40964,40607,True,False
40950,40895,True,False
40950,40895,True,False
40949,28035,True,False
40944,40939,True,False
40932,40927,True,False
40921,40906,True,False
40921,38979,False,True
40914,41146,True,False
40914,41323,False,True
40873,40607,True,False
40857,40751,True,False
40854,20252,True,False
40839,40896,True,False
40837,38943,True,False
40823,40799,True,False
40814,37723,True,True
40807,40793,True,False
40800,40542,True,False
40787,40416,True,False
40757,31389,True,False
40753,37583,True,True
40736,20238,True,False
40730,40536,True,False
40709,40267,False,True
40709,38494,True,False
40676,40578,True,False
40676,40578,True,False
40652,32205,True,False
40652,41188,True,False
40652,32205,True,False
40652,41188,True,False
40643,20226,True,False
40637,13041,True,False
40630,40093,True,False
40621,40227,True,True
40621,40431,True,True
40583,30457,True,False
40571,39702,False,True
40565,40564,True,False
40526,40519,True,False
40517,40035,False,True
40515,38799,True,False
40506,40624,True,False
40505,40172,True,True
40498,20217,True,False
40491,33948,True,False
40491,33948,True,False
40483,877,True,False
40483,877,True,False
40482,40277,True,False
40471,38755,True,False
40470,40299,False,True
40465,40462,True,False
40464,40115,True,False
40464,40436,True,False
40459,40442,True,False
40458,40428,True,False
40455,20211,True,False
40435,1,False,True
40435,41991,True,False
40435,42954,True,False
40435,42955,True,False
40435,41124,True,False
40435,41127,True,False
40435,26193,True,False
40435,0,False,False
40435,41120,True,False
40435,1,False,True
40435,41991,True,False
40435,42954,True,False
40435,42955,True,False
40435,41124,True,False
40435,41127,True,False
40434,40195,True,False
40382,38026,False,True
40377,40101,True,False
40371,40360,True,False
40308,39489,True,False
40266,38897,True,False
40259,40190,True,False
40254,39599,True,False
40239,38640,True,False
40231,40224,True,False
40228,38950,True,False
40223,40020,True,False
40213,40001,True,False
40209,40115,True,False
40199,40192,True,False
40184,20192,True,False
40177,33948,True,False
40175,20190,True,False
40174,39963,True,False
40172,38034,True,False
40160,13362,True,False
40152,39612,True,False
40142,20184,True,False
40125,39815,False,True
40120,39574,False,True
40119,40002,False,True
40119,38924,True,False
40117,31570,True,False
40098,33887,True,False
40086,40038,False,True
40086,39023,True,False
40070,38774,False,True
40045,39056,True,False
40038,39023,True,False
40036,166,True,False
40035,40034,True,False
40027,20175,True,False
40026,39984,False,True
40019,39955,True,False
40000,38803,True,False
39974,39609,True,False
39964,39773,False,True
39939,20166,True,False
39915,32725,True,False
39903,2030,True,False
39891,35606,False,True
39884,39879,True,False
39883,39096,False,True
39882,39096,False,True
39881,39726,True,False
39880,20159,True,False
39878,39474,False,True
39869,20157,True,False
39842,23972,True,False
39837,20152,True,False
39830,39810,False,True
39810,39701,True,False
39802,39655,False,True
39801,33303,True,False
39797,39629,False,True
39789,38847,True,False
39755,38364,True,True
39755,37888,False,True
39731,39342,True,False
39730,39474,False,True
39695,39100,True,False
39686,39683,True,False
39677,20142,True,False
39671,38202,False,True
39662,38792,True,False
39661,39607,False,True
39661,39269,True,True
39661,39607,False,True
39658,37546,True,True
39657,39265,False,True
39654,1577,True,False
39640,30457,True,False
39636,34701,True,False
39578,30457,True,False
39575,30457,True,False
39570,30457,True,False
39564,39472,True,False
39553,39512,True,False
39552,30457,True,False
39534,39531,True,False
39532,39281,True,False
39527,20137,True,False
39511,39431,False,True
39494,20133,True,False
39486,34393,True,True
39465,38076,True,False
39461,39168,True,False
39448,39447,False,True
39448,39444,True,False
39434,39411,False,True
39431,39416,False,True
39422,39390,True,False
39417,2014,True,False
39416,35903,True,False
39389,39357,True,False
39387,39320,False,True
39377,20122,True,False
39362,39361,True,False
39335,38691,False,True
39331,36804,True,False
39325,39310,True,False
39320,39308,True,False
39316,20117,True,False
39306,38422,True,False
39282,39277,True,False
39280,33470,True,False
39267,20113,True,False
39267,20114,True,False
39266,39258,True,False
39263,39132,True,False
39261,39269,True,True
39252,39242,True,False
39252,39242,True,False
39240,33532,True,False
39204,38422,True,False
39157,35601,True,False
39157,34817,True,False
39153,38945,True,False
39142,39010,True,False
39141,39010,True,False
39139,38146,False,True
39137,39128,True,False
39136,1999,True,False
39129,39686,False,True
39117,31927,True,False
39117,31500,True,False
39064,33331,True,False
39062,38972,False,True
39058,39054,True,False
39041,39103,False,True
39036,20096,True,False
39005,39064,True,True
38969,1688,False,True
38963,32862,True,False
38961,38822,True,False
38957,34587,True,False
38952,34786,True,False
38912,38541,True,False
38909,314,True,False
38894,33021,False,True
38877,38861,True,False
38869,20083,True,False
38858,20079,True,False
38855,13355,True,False
38855,37883,True,False
38855,37341,True,False
38839,20076,True,False
38820,36517,True,False
38811,38800,True,False
38811,38800,True,False
38795,1634,True,False
38790,38996,False,True
38788,38600,False,True
38788,36781,True,True
38780,35857,False,True
38780,35857,False,True
38762,38747,False,True
38725,36696,True,False
38715,42912,True,False
38715,724,True,False
38715,34151,True,False
38699,37546,True,True
38689,36847,False,True
38632,38450,True,False
38621,20050,True,False
38620,38754,True,False
38618,38549,True,False
38613,38605,True,False
38612,38498,False,True
38606,20045,True,False
38604,33331,True,False
38600,37196,True,False
38589,38587,True,False
38589,33716,False,True
38553,20040,True,False
38519,37237,True,False
38483,20034,True,False
38479,10048,True,False
38479,37941,False,True
38469,20032,True,False
38468,38452,True,False
38463,32663,True,False
38461,38452,True,False
38454,20031,True,False
38448,38355,False,True
38448,38396,False,True
38438,32768,False,True
38428,20022,True,False
38428,20028,True,False
38413,38412,True,False
38409,827,True,False
38399,38163,True,True
38399,38374,True,False
38391,20024,True,False
38390,32663,True,False
38390,32664,False,True
38390,32663,True,False
38390,32664,False,True
38389,7346,True,False
38381,20022,True,False
38361,36696,True,False
38361,37014,True,False
38361,37169,True,False
38361,36846,True,False
38360,38228,True,False
38359,20019,True,False
38352,38351,True,False
38347,38223,True,False
38331,1271,True,True
38325,20017,True,False
38320,20016,True,False
38318,20015,True,False
38303,38192,True,False
38302,20014,True,False
38300,38013,True,False
38300,35068,True,False
38293,38284,True,False
38270,30003,True,False
38253,1251,True,False
38251,38121,True,False
38243,37335,False,True
38243,37840,False,True
38243,36588,True,False
38241,37506,True,False
38232,38089,False,True
38232,37822,False,True
38227,35413,True,False
38208,20001,True,False
38206,20000,True,False
38195,38192,True,False
38191,17492,True,False
38186,37470,True,False
38173,19993,True,False
38157,19991,True,False
38143,35068,True,False
38143,38013,True,False
38143,33675,True,False
38143,38013,True,False
38140,38120,True,False
38130,19989,True,False
38103,8889,True,False
38085,19985,True,False
38079,38078,True,False
38079,38078,True,False
38077,37138,True,True
38077,37138,True,True
38071,37410,True,False
38054,35521,True,False
38020,37966,True,False
38012,37821,True,False
37967,36146,False,True
37967,36146,False,True
37965,37958,True,False
37964,37966,True,False
37964,37966,True,False
37949,4268,True,False
37937,31654,True,False
37927,19975,True,False
37914,19973,True,False
37906,19972,True,False
37902,37891,False,True
37891,37747,False,True
37878,37877,True,False
37868,37867,True,False
37863,37829,True,False
37857,12450,True,False
37788,19963,True,False
37786,37280,False,True
37786,37280,False,True
37781,37761,True,False
37753,37824,False,True
37753,37824,False,True
37741,37739,True,False
37701,19947,True,False
37682,19901,True,False
37680,37485,True,False
37646,36704,False,True
37632,37380,True,False
37626,36744,False,True
37620,19940,True,False
37619,37141,True,False
37619,37141,True,False
37604,19937,True,False
37568,19935,True,False
37547,19929,True,False
37546,1273,True,True
37513,37360,True,False
37510,37506,True,False
37501,37419,False,True
37494,38441,True,False
37486,19923,True,False
37480,19922,True,False
37468,37500,True,False
37456,19914,True,False
37446,37412,False,True
37446,37412,False,True
37445,19913,True,False
37437,19912,True,False
37416,19909,True,False
37361,19904,True,False
37340,37264,True,True
37326,37191,True,False
37315,37276,False,True
37300,19898,True,False
37299,35639,True,False
37288,37352,True,False
37276,37271,True,False
37272,37260,True,False
37261,19891,True,False
37259,37228,True,False
37257,37083,False,True
37254,37241,True,False
37204,28046,True,False
37195,13404,True,False
37184,720,True,False
37180,18931,True,False
37180,18931,True,False
37156,19803,True,False
37156,19876,True,False
37116,36366,True,False
37110,37106,True,False
37076,37075,True,False
37065,36815,True,True
37056,19859,True,False
37048,19857,True,False
37035,36242,True,True
37025,35846,True,False
36994,36912,True,False
36981,19839,True,False
36933,36913,True,False
36889,36715,False,True
36875,2353,True,False
36875,2353,True,False
36866,37341,True,False
36864,35199,True,False
36853,35143,True,False
36833,1655,True,False
36826,36825,True,False
36821,21439,True,False
36813,36810,True,False
36813,36810,True,False
36807,19821,True,False
36795,19819,True,False
36792,36468,True,False
36771,19815,True,False
36769,36592,True,False
36760,19814,True,False
36746,22109,True,False
36744,12729,True,False
36744,12190,True,False
36742,19812,True,False
36736,19809,True,False
36733,36728,True,False
36720,37438,True,False
36711,36404,True,False
36706,19805,True,False
36702,35960,True,False
36694,36686,True,False
36678,19802,True,False
36674,33862,True,False
36612,36604,False,True
36612,36604,False,True
36520,19788,True,False
36438,36349,True,False
36434,36110,True,False
36430,34944,True,False
36416,36237,True,False
36359,19776,True,False
36357,36202,True,False
36357,36203,True,False
36351,36253,False,True
36351,36253,False,True
36320,19770,True,False
36314,19768,True,False
36309,19766,True,False
36302,32779,False,True
36302,33643,True,False
36294,36238,True,False
36267,35037,True,False
36234,19758,True,False
36188,36143,False,True
36186,35580,True,False
36178,19748,True,False
36166,34438,True,True
36162,19747,True,False
36143,35911,False,True
36121,19745,True,False
36102,35549,False,True
36102,36100,True,False
36027,179,False,True
35966,19730,True,False
35958,30457,True,False
35934,19726,True,False
35911,34568,True,False
35892,35552,False,True
35864,35576,False,True
35860,35783,False,True
35850,12991,True,False
35835,19709,True,False
35828,35755,True,False
35813,19704,True,False
35781,19697,True,False
35776,19695,True,False
35767,33307,False,True
35767,35451,True,False
35736,33308,True,False
35736,33496,True,False
35726,35718,True,False
35726,35718,True,False
35709,35664,True,False
35701,341,False,True
35699,35645,False,True
35699,35645,False,True
35660,19680,True,False
35653,19678,True,False
35652,35472,True,False
35652,35413,True,False
35647,35356,False,True
35643,19676,True,False
35630,35629,True,False
35600,35379,False,True
35600,33461,False,True
35595,19671,True,False
35590,35037,True,False
35590,35037,True,False
35590,35037,True,False
35590,35037,True,False
35568,35917,True,False
35552,341,False,True
35548,35533,True,False
35548,35492,True,False
35532,19660,True,False
35510,35498,False,True
35510,35497,True,False
35491,10112,True,False
35462,35331,False,True
35454,35452,True,False
35437,35045,True,False
35414,35377,False,True
35399,34317,True,False
35378,34508,True,False
35378,34508,True,False
35363,1201,False,True
35361,19638,True,False
35344,19643,True,False
35298,28831,True,False
35289,32818,True,False
35277,19400,True,False
35272,19629,True,False
35267,19626,True,False
35264,19624,True,False
35248,307,True,True
35235,19613,False,True
35234,34069,True,False
35234,34069,True,False
35232,19611,True,False
35201,19604,True,False
35162,1011,True,False
35162,1011,True,False
35153,19586,True,False
35150,12432,True,False
35139,34391,True,False
35139,34380,True,False
35137,19580,True,False
35124,34980,True,True
35124,35107,True,False
35113,35111,True,False
35109,33428,True,False
35102,19575,True,False
35091,19572,True,False
35078,1914,False,True
35078,35051,True,False
35064,19565,True,False
35041,19556,True,False
35032,35015,True,False
35013,33890,True,True
35010,33141,True,False
35002,34993,True,False
34997,34920,True,False
34990,34990,False,True
34986,34861,False,True
34966,19542,True,False
34955,19541,True,False
34951,34877,True,True
34940,33327,True,False
34934,19537,True,False
34931,32351,True,False
34914,32587,False,True
34911,34801,True,False
34909,34015,True,False
34901,34883,True,False
34899,19523,True,False
34865,30457,True,False
34861,34727,True,True
34853,31622,True,False
34815,6445,True,False
34804,34803,True,False
34790,34658,False,True
34781,33328,True,False
34774,23259,True,False
34774,23259,True,False
34766,19496,True,False
34762,19493,True,False
34759,34703,True,False
34754,19490,True,False
34746,19488,True,False
34745,19485,True,False
34723,19479,True,False
34702,22174,True,False
34694,19475,True,False
34692,30605,True,False
34676,33225,False,True
34671,34334,True,True
34670,19470,True,False
34659,33902,False,True
34658,33066,True,False
34658,637,False,True
34654,33874,True,True
34654,33744,True,False
34652,13582,True,False
34621,33924,False,True
34615,33680,True,False
34588,19456,True,False
34560,1074,True,False
34556,819,True,False
34555,19445,True,False
34531,19437,True,False
34527,34317,True,False
34520,34505,True,False
34517,19434,True,False
34516,34206,False,True
34484,27323,True,False
34484,34478,True,False
34482,19424,True,False
34421,34280,True,False
34373,19405,True,False
34348,17603,True,False
34347,19396,True,False
34346,19395,True,False
34343,34330,True,False
34327,19390,True,False
34325,34315,False,True
34315,33581,True,False
34299,19361,True,False
34299,19374,True,False
34265,19363,True,False
34262,19361,True,False
34224,34093,True,False
34223,34220,True,False
34207,33993,True,False
34186,17760,True,False
34176,34172,True,False
34153,19333,True,False
34113,34014,True,False
34107,33936,False,True
34095,34092,True,False
34086,8,True,False
34076,32957,True,False
34070,19318,True,False
34067,19317,True,False
34052,33867,True,False
34027,19302,True,False
34019,19300,True,False
34013,19299,True,False
34009,19298,True,False
33981,19294,True,False
33963,33962,True,False
33953,1980,True,False
33952,19286,True,False
33951,19283,True,False
33945,33426,True,False
33942,33639,True,False
33940,33246,True,False
33929,33927,False,True
33924,35030,False,True
33922,8659,True,False
33922,8659,True,False
33910,19275,True,False
33905,13610,True,False
33901,33895,True,False
33893,19273,True,False
33889,24794,True,False
33889,24794,True,False
33855,2346,True,True
33855,33669,True,False
33850,19269,True,False
33848,19268,True,False
33847,19267,True,False
33828,33823,True,False
33759,33424,True,True
33732,40777,True,False
33731,19256,True,False
33720,19252,True,False
33714,19250,True,False
33702,19248,True,False
33682,19246,True,False
33670,2339,True,False
33645,33636,True,False
33645,33636,True,False
33635,19240,True,False
33632,19238,True,False
33623,19237,True,False
33619,30457,True,False
33607,19234,True,False
33604,19232,True,False
33584,19223,True,False
33560,4912,True,False
33560,33558,True,False
33552,19219,True,False
33547,2222,True,False
33545,33413,True,True
33540,19213,True,False
33539,33441,True,False
33530,31663,False,True
33521,10613,True,False
33521,10613,True,False
33516,19200,True,False
33513,19198,True,False
33498,33436,False,True
33491,19168,True,False
33489,19191,True,False
33469,19188,True,False
33468,19184,True,False
33456,19186,True,False
33454,19183,True,False
33453,19182,True,False
33452,19181,True,False
33451,19179,True,False
33437,33242,True,True
33431,19174,True,False
33410,33372,True,False
33409,33405,False,True
33395,19167,True,False
33394,33393,True,True
33385,19165,True,False
33368,19161,True,False
33359,19157,True,False
33351,19154,True,False
33334,33276,True,False
33319,33298,True,False
33277,32764,True,False
33273,226,True,False
33272,19140,True,False
33267,19139,True,False
33235,19133,True,False
33229,19130,True,False
33214,32500,False,True
33213,19129,True,False
33209,33177,True,False
33201,19127,True,False
33182,19126,True,False
33161,33138,True,False
33157,33132,True,True
33120,19114,True,False
33116,32560,False,True
33110,31997,True,False
33104,19110,True,False
33102,33042,False,True
33099,19065,True,False
33064,32808,True,False
33062,19103,True,False
33042,23819,True,False
33042,32713,False,True
33035,30457,True,False
33028,19091,True,False
33022,19089,True,False
33021,2107,False,True
33019,32341,True,False
33018,32966,True,False
33006,19086,True,False
32960,19075,True,False
32947,1724,True,False
32946,41963,False,True
32945,19072,True,False
32936,19070,True,False
32910,19060,True,False
32906,19053,True,False
32904,19055,True,False
32896,30457,True,False
32895,32882,True,False
32886,32885,True,False
32874,19046,True,False
32868,19044,True,False
32865,2334,False,True
32856,19040,True,False
32850,19039,True,False
32841,32707,False,True
32811,19036,True,False
32807,19035,True,False
32802,32762,False,True
32796,19032,True,False
32793,19030,True,False
32792,19029,True,False
32791,19028,True,False
32768,32767,True,False
32750,32379,True,False
32746,32800,False,True
32746,32800,False,True
32736,19010,True,False
32720,19007,True,False
32713,33042,False,True
32711,2192,False,True
32701,19003,True,False
32697,19002,True,False
32693,19001,True,False
32691,19000,True,False
32685,18998,True,False
32672,18995,True,False
32668,18994,True,False
32666,18992,True,False
32661,18990,True,False
32657,18982,True,False
32654,18981,True,False
32651,18980,True,False
32620,32277,False,True
32620,32277,False,True
32618,32544,True,False
32616,32625,False,True
32609,18962,True,False
32603,32653,True,False
32603,32653,True,False
32601,32584,False,True
32595,18959,True,False
32591,18958,True,False
32589,18951,True,False
32574,18948,True,False
32572,18945,True,False
32568,3840,True,False
32565,18943,True,False
32553,31769,True,False
32541,3214,True,False
32541,32920,True,False
32537,18932,True,False
32533,18931,True,False
32530,18928,True,False
32520,1029,True,False
32519,18891,True,False
32511,18924,True,False
32503,18919,True,False
32500,33123,False,True
32485,18905,True,False
32480,18903,True,False
32477,18902,True,False
32461,18898,True,False
32460,966,True,False
32459,18897,True,False
32457,32454,True,False
32447,18895,True,False
32445,18894,True,False
32440,18891,True,False
32427,18879,True,False
32417,18877,True,False
32410,18876,True,False
32409,18875,True,False
32397,18874,True,False
32395,18873,True,False
32394,18872,True,False
32393,18871,True,False
32388,18870,True,False
32382,18869,True,False
32375,32025,True,True
32375,32374,False,True
32374,32025,True,True
32372,32320,True,False
32362,32750,False,True
32362,32750,False,True
32338,32925,False,True
32338,32925,False,True
32326,18863,True,False
32323,7972,True,False
32310,18859,True,False
32308,18858,True,False
32306,18857,True,False
32288,31710,True,False
32280,18853,True,False
32270,1378,True,True
32270,2249,False,True
32270,2249,False,True
32270,1378,True,True
32269,31661,True,False
32258,18847,True,False
32252,18846,True,False
32243,31949,True,False
32222,18828,True,False
32221,32272,False,True
32220,18825,True,False
32219,18824,True,False
32214,18819,True,False
32196,18813,True,False
32193,18811,True,False
32192,18809,True,False
32189,2354,False,True
32189,2115,True,True
32188,18808,True,False
32180,31673,True,False
32173,1754,True,False
32170,32453,True,False
32169,32165,True,False
32163,18803,True,False
32162,18802,True,False
32149,2,False,True
32149,3,False,False
32149,3,False,False
32134,18798,True,False
32113,18789,True,False
32101,18770,True,False
32099,31719,True,False
32064,7972,True,False
32064,7972,True,False
32045,18781,True,False
32022,18777,True,False
32018,18774,True,False
32014,18771,True,False
32008,1949,False,True
32007,1949,False,True
31994,18766,True,False
31991,2138,True,False
31976,18762,True,False
31975,18761,True,False
31970,31919,False,True
31964,18760,True,False
31956,13519,True,False
31956,13519,True,False
31947,18759,True,False
31943,18758,True,False
31941,18756,True,False
31938,31680,True,False
31937,1975,True,False
31931,31905,True,False
31931,2013,True,False
31931,13693,True,False
31925,31682,True,False
31916,18753,True,False
31912,18748,True,False
31910,31901,False,True
31910,31903,False,True
31910,31908,False,True
31884,28731,True,False
31856,18734,True,False
31848,10525,True,False
31846,18729,True,False
31839,18728,True,False
31837,18727,True,False
31836,31699,False,True
31832,18725,True,False
31830,2320,True,False
31830,31762,False,True
31811,26834,False,True
31807,2334,False,True
31803,18714,True,False
31802,18713,True,False
31801,18712,True,False
31790,18710,True,False
31787,31786,True,False
31782,420,True,True
31765,18708,True,False
31762,2320,True,False
31756,2128,True,False
31740,2545,True,False
31740,2545,True,False
31725,18702,True,False
31723,31675,True,False
31722,18697,True,False
31716,34644,True,False
31716,34644,True,False
31715,18699,True,False
31714,18696,True,False
31711,18693,True,False
31701,32800,False,True
31701,33069,True,False
31678,18685,True,False
31674,31665,True,False
31667,18678,True,False
31659,28819,True,True
31653,18672,True,False
31651,18671,True,False
31643,1195,True,True
31641,2138,True,False
31637,18666,True,False
31636,18665,True,False
31632,2102,True,False
31630,19237,True,False
31626,31615,True,False
31624,2138,True,False
31620,18660,True,False
28819,13492,True,False
28819,31721,True,False
28766,18656,True,False
25687,18655,True,False
22388,13083,True,False
22224,21827,True,False
21964,18649,True,False
19653,18648,True,False
11118,18645,True,False
10554,18497,True,False
3857,18638,True,False
3855,1990,True,False
2392,18634,True,False
2372,18625,True,False
2360,1943,False,True
2355,18621,True,False
2338,2227,True,False
2328,2322,True,False
2323,1735,False,True
2310,129,True,False
2309,18608,True,False
2307,1864,True,False
2299,18526,True,False
2282,22680,True,False
2263,18602,True,False
2232,2156,True,False
2225,18505,True,False
2219,18525,True,False
2217,172,False,True
2212,1993,False,True
2192,876,True,False
2189,2257,True,False
2180,1918,True,False
2179,18585,True,False
2178,18582,True,False
2177,18581,True,False
2168,803,True,False
2163,18532,True,False
2154,2218,False,True
2149,18567,True,False
2146,42507,False,True
2143,2138,True,False
2099,16898,True,False
2096,18557,True,False
2089,18556,True,False
2081,18552,True,False
2080,18091,True,False
2079,18537,True,False
2076,18501,True,False
2073,18533,True,False
2072,483,True,False
2072,1866,False,True
2071,1602,False,True
2071,1602,False,True
2052,18243,True,False
2045,18489,True,False
2040,18512,True,False
2039,18544,True,False
2034,18496,True,False
2028,1934,False,True
2027,18531,True,False
2016,1789,True,False
2012,1264,True,False
1911,1999,True,False
1907,1847,True,False
1896,1895,True,False
1890,2,False,True
1890,3,False,False
1879,1478,True,False
1879,1478,True,False
1831,1788,False,True
1825,1811,False,True
1824,1668,True,False
1794,26241,True,False
1781,628,True,False
1756,1523,True,False
1741,1713,True,False
1728,1551,True,False
1727,836,True,False
1709,7944,True,False
1702,1682,True,False
1694,1292,False,True
1685,1666,True,False
1675,427,True,True
1648,423,True,False
1648,24525,True,False
1648,37739,True,False
1648,31792,True,False
1645,1465,True,False
1535,40623,False,True
1535,40623,False,True
1462,360,True,False
1370,1340,True,False
1319,7769,True,False
1315,1311,True,False
1314,1283,False,True
1310,41821,False,True
1307,1232,True,False
1279,1241,True,False
1278,1785,True,False
1261,1257,False,True
1259,32201,False,True
1257,654,False,True
1247,1232,True,False
1234,1262,True,False
1228,1227,True,False
1228,21179,True,False
1202,818,True,False
1183,780,True,False
1178,41821,False,True
1176,41821,False,True
1136,1114,True,False
1108,986,False,True
1101,41821,False,True
1017,347,True,False
973,737,False,True
845,27630,True,False
845,27630,True,False
843,839,True,False
778,262,False,True
778,34184,False,True
771,766,True,False
769,735,True,False
705,642,False,True
683,40711,False,True
624,463,False,True
605,133,True,True
543,15629,True,False
543,679,False,True
501,347,True,False
494,4436,True,False
494,4436,True,False
468,443,True,False
463,843,False,True
463,843,False,True
392,41821,False,True
384,7892,True,False
382,42207,True,False
352,304,True,False
351,173,True,False
320,41821,False,True
311,304,True,False
296,8659,True,False
231,168,True,False
182,168,True,False
171,170,True,False
153,150,True,False
130,129,True,False
123,685,False,True
101,27286,True,False
69,27508,True,False
26,25,False,True
25,27836,True,False
